{
    "ammo": "qkl:rb10",
    "ammo_amount": 5,
    "bolt": "manual_action",
    "rpm": 150,
    "bullet": {
      "life": 1,
      "bullet_amount": 1,
      "damage": 30,
      "tracer_count_interval": 0,
      "extra_damage": {
        "armor_ignore": 0.65,
        "head_shot_multiplier": 2,
        "damage_adjust": [
          {"distance": 10, "damage": 30},
          {"distance": 20, "damage": 25},
          {"distance": 30, "damage": 23},
          {"distance": 50, "damage": 22},
          {"distance": 100, "damage": 21},
          {"distance": "infinite", "damage": 18}
        ]
      },
      "speed": 390,
      "gravity": 0.025,
      "knockback": 0,
      "friction": 0.015,
      "ignite": false,
      "pierce": 2
    },
    "reload": {
      "type": "magazine",
      "feed": {
        "empty": 2.42,
        "tactical": 2.42
      },
      "cooldown": {
        "empty": 3.63,
        "tactical": 3.7
      }
    },
    "draw_time": 0.57,
    "put_away_time": 0.73,
    "aim_time": 0.3,
    "bolt_action_time": 1.4,
    "sprint_time": 0.2,
    "fire_mode": [
      "semi"
    ],
    "recoil": {
      "pitch": [
        {"time": 0, "value": [1.3, 1.3]},
        {"time": 0.3, "value": [1.3, 1.3]},
        {"time": 0.55, "value": [-0.225, -0.225]},
        {"time": 0.7, "value": [0, 0]},
        {"time": 0.8, "value": [0, 0]}
      ],
      "yaw": [
        {"time": 0, "value": [-0.2, -0.2]},
        {"time": 0.45, "value": [-0.2, -0.2]},
        {"time": 0.7, "value": [0, 0]}
      ]
    },

    "melee": {
    "distance": 1,
    "cooldown": 0.7,
    "default": {
      "animation_type": "melee_stock",
      "distance": 0,
      "range_angle": 40,
      "cooldown": 0,
      "damage": 4,
      "knockback": 0.5,
      "prep": 0.1
    }
  },
  
  "allow_attachment_types": [

    "scope",
    "muzzle"


  ],

    "inaccuracy": {
      "stand": 5,
      "move": 7,
      "sneak": 3,
      "lie": 2,
      "aim": 0.08
    }
}