{
 
    "materials": [
      {
        "item": {
       
          "tag": "forge:ingots/iron"
        },
        "count": 18
      },

      {
        "item": {
          "tag": "forge:ingots/copper"
        },
        "count": 2
      },

      {
        "item": {
       
          "tag": "minecraft:logs"
        },
        "count": 15
      },

      {
        "item": {
       
          "item": "minecraft:flint"
        },
        "count": 1
      }
   
   
    ],
   
    "result": {
   
      "type": "gun",
     
      "id": "qkl:fk15"
    }
  }