{
	"format_version": "1.12.0",
	"minecraft:geometry": [
		{
			"description": {
				"identifier": "geometry.arip_open",
				"texture_width": 32,
				"texture_height": 32,
				"visible_bounds_width": 22,
				"visible_bounds_height": 14,
				"visible_bounds_offset": [0, 2, 0]
			},
			"bones": [
				{
					"name": "scope_view",
					"pivot": [0, 3.004, 4]
				},
				{
					"name": "division",
					"pivot": [0, 0.6, 0]
				},
				{
					"name": "crosshair_illuminated",
					"parent": "division",
					"pivot": [0, 0.6, 0],
					"cubes": [
						{
							"origin": [-0.03535, 2.965, -10],
							"size": [0.0707, 0.0707, 0.025],
							"pivot": [0, 3.00035, -9.9875],
							"rotation": [0, 0, 45],
							"uv": {
								"south": {"uv": [2, 24], "uv_size": [0.125, 0.125]}
							}
						},
						{
							"origin": [0.36465, 2.865, -10],
							"size": [0.0707, 0.1707, 0.025],
							"pivot": [0.4, 3.00035, -9.9875],
							"rotation": [0, 0, 45],
							"uv": {
								"south": {"uv": [3, 24], "uv_size": [0.125, 0.125]}
							}
						},
						{
							"origin": [0.26465, 2.965, -10],
							"size": [0.1707, 0.0707, 0.025],
							"pivot": [0.4, 3.00035, -9.9875],
							"rotation": [0, 0, 45],
							"uv": {
								"south": {"uv": [4, 24], "uv_size": [0.125, 0.125]}
							}
						},
						{
							"origin": [-0.43535, 2.865, -10],
							"size": [0.0707, 0.1707, 0.025],
							"pivot": [-0.4, 3.00035, -9.9875],
							"rotation": [0, 0, -45],
							"uv": {
								"south": {"uv": [5, 24], "uv_size": [0.125, 0.125]}
							}
						},
						{
							"origin": [-0.43535, 2.965, -10],
							"size": [0.1707, 0.0707, 0.025],
							"pivot": [-0.4, 3.00035, -9.9875],
							"rotation": [0, 0, -45],
							"uv": {
								"south": {"uv": [6, 24], "uv_size": [0.125, 0.125]}
							}
						}
					]
				},
				{
					"name": "ocular",
					"pivot": [0.3, 0.3, -0.75],
					"cubes": [
						{
							"origin": [-0.56218, 0.65034, 1.4125],
							"size": [2.95362, 2.95362, 0.1],
							"pivot": [-0.46218, 1.40396, 2.3625],
							"rotation": [0, 0, -45],
							"uv": {
								"south": {"uv": [0, 16], "uv_size": [3, 3]}
							}
						}
					]
				},
				{
					"name": "scope_body",
					"pivot": [0, 0, -0.75]
				},
				{
					"name": "open",
					"parent": "scope_body",
					"pivot": [0, 0, -0.75],
					"cubes": [
						{
							"origin": [-0.6875, -0.3, -0.275],
							"size": [1.375, 0.3125, 0.3125],
							"pivot": [0, -0.175, -0.15],
							"rotation": [45, 0, 0],
							"uv": {
								"north": {"uv": [10, 19], "uv_size": [1.375, 0.375]},
								"east": {"uv": [22, 16], "uv_size": [0.375, 0.375]},
								"south": {"uv": [12, 19], "uv_size": [1.375, 0.375]},
								"west": {"uv": [18, 22], "uv_size": [0.375, 0.375]},
								"up": {"uv": [14, 19], "uv_size": [1.375, 0.375]},
								"down": {"uv": [19, 17.375], "uv_size": [1.375, -0.375]}
							}
						},
						{
							"origin": [0.32322, -0.3625, -0.75],
							"size": [0.25, 0.25, 1.25],
							"pivot": [0.44822, -0.2375, -0.2875],
							"rotation": [0, 0, 45],
							"uv": {
								"north": {"uv": [22, 21], "uv_size": [0.25, 0.25]},
								"south": {"uv": [22, 22], "uv_size": [0.25, 0.25]},
								"west": {"uv": [20, 16], "uv_size": [1.25, 0.25]},
								"down": {"uv": [18, 21.25], "uv_size": [0.25, -1.25]}
							}
						},
						{
							"origin": [-0.57322, -0.3625, -0.75],
							"size": [0.25, 0.25, 1.25],
							"pivot": [-0.44822, -0.2375, -0.2875],
							"rotation": [0, 0, -45],
							"uv": {
								"north": {"uv": [0, 23], "uv_size": [0.25, 0.25]},
								"east": {"uv": [19, 20], "uv_size": [1.25, 0.25]},
								"south": {"uv": [1, 23], "uv_size": [0.25, 0.25]},
								"down": {"uv": [0, 22.25], "uv_size": [0.25, -1.25]}
							}
						},
						{
							"origin": [-0.625, -0.2375, -0.75],
							"size": [1.25, 0.375, 1.25],
							"uv": {
								"north": {"uv": [18, 19], "uv_size": [1.25, 0.375]},
								"east": {"uv": [0, 20], "uv_size": [1.25, 0.375]},
								"south": {"uv": [10, 20], "uv_size": [1.25, 0.375]},
								"west": {"uv": [12, 20], "uv_size": [1.25, 0.375]},
								"up": {"uv": [3, 16], "uv_size": [1.25, 1.25]},
								"down": {"uv": [5, 17.25], "uv_size": [1.25, -1.25]}
							}
						},
						{
							"origin": [-0.625, -0.1125, -0.75],
							"size": [0.4, 0.25, 1.25],
							"pivot": [-0.625, 0.1375, 0.5],
							"rotation": [0, 0, -45],
							"uv": {
								"north": {"uv": [19, 22], "uv_size": [0.375, 0.25]},
								"south": {"uv": [22, 19], "uv_size": [0.375, 0.25]},
								"west": {"uv": [20, 19], "uv_size": [1.25, 0.25]},
								"up": {"uv": [7, 19], "uv_size": [0.375, 1.25]},
								"down": {"uv": [2, 21.25], "uv_size": [0.375, -1.25]}
							}
						},
						{
							"origin": [-0.875, -0.1125, 1.15],
							"size": [0.2, 0.25, 1.25],
							"pivot": [0.625, 0.1375, 1.15],
							"rotation": [0, 0, 45],
							"uv": {
								"north": {"uv": [2, 23], "uv_size": [0.25, 0.25]},
								"south": {"uv": [3, 23], "uv_size": [0.25, 0.25]},
								"west": {"uv": [3, 21], "uv_size": [1.25, 0.25]},
								"up": {"uv": [1, 21], "uv_size": [0.25, 1.25]},
								"down": {"uv": [7, 22.25], "uv_size": [0.25, -1.25]}
							}
						},
						{
							"origin": [-0.51319, 0.82569, -0.94474],
							"size": [0.2, 0.25, 2.2],
							"pivot": [-0.31319, 1.07569, 1.25526],
							"rotation": [0, -30, 45],
							"uv": {
								"east": {"uv": [13, 17], "uv_size": [2.25, 0.25]},
								"west": {"uv": [16, 17], "uv_size": [2.25, 0.25]},
								"up": {"uv": [3, 18], "uv_size": [0.25, 2.25]},
								"down": {"uv": [4, 20.25], "uv_size": [0.25, -2.25]}
							}
						},
						{
							"origin": [-0.60282, 0.66532, 0.2],
							"size": [0.2, 0.25, 2.2],
							"pivot": [-0.15282, 0.91532, 2.4],
							"rotation": [0, -30, 45],
							"uv": {
								"east": {"uv": [17, 16], "uv_size": [2.25, 0.25]},
								"west": {"uv": [5, 18], "uv_size": [2.25, 0.25]},
								"up": {"uv": [8, 18], "uv_size": [0.25, 2.25]},
								"down": {"uv": [9, 20.25], "uv_size": [0.25, -2.25]}
							}
						},
						{
							"origin": [0.225, -0.1125, -0.75],
							"size": [0.4, 0.25, 1.25],
							"pivot": [0.625, 0.1375, 0.5],
							"rotation": [0, 0, 45],
							"uv": {
								"north": {"uv": [20, 22], "uv_size": [0.375, 0.25]},
								"east": {"uv": [8, 21], "uv_size": [1.25, 0.25]},
								"south": {"uv": [21, 22], "uv_size": [0.375, 0.25]},
								"west": {"uv": [10, 21], "uv_size": [1.25, 0.25]},
								"up": {"uv": [14, 20], "uv_size": [0.375, 1.25]},
								"down": {"uv": [15, 21.25], "uv_size": [0.375, -1.25]}
							}
						},
						{
							"origin": [0.675, -0.1125, 1.15],
							"size": [0.2, 0.25, 1.25],
							"pivot": [-0.625, 0.1375, 1.15],
							"rotation": [0, 0, -45],
							"uv": {
								"north": {"uv": [4, 23], "uv_size": [0.25, 0.25]},
								"east": {"uv": [12, 21], "uv_size": [1.25, 0.25]},
								"south": {"uv": [7, 23], "uv_size": [0.25, 0.25]},
								"up": {"uv": [16, 21], "uv_size": [0.25, 1.25]},
								"down": {"uv": [17, 22.25], "uv_size": [0.25, -1.25]}
							}
						},
						{
							"origin": [0.40282, 0.66532, 0.2],
							"size": [0.2, 0.25, 2.2],
							"pivot": [0.15282, 0.91532, 2.4],
							"rotation": [0, 30, -45],
							"uv": {
								"east": {"uv": [10, 18], "uv_size": [2.25, 0.25]},
								"west": {"uv": [13, 18], "uv_size": [2.25, 0.25]},
								"up": {"uv": [16, 18], "uv_size": [0.25, 2.25]},
								"down": {"uv": [17, 20.25], "uv_size": [0.25, -2.25]}
							}
						},
						{
							"origin": [0.31319, 0.82569, -0.94474],
							"size": [0.2, 0.25, 2.2],
							"pivot": [0.31319, 1.07569, 1.25526],
							"rotation": [0, 30, -45],
							"uv": {
								"east": {"uv": [18, 18], "uv_size": [2.25, 0.25]},
								"west": {"uv": [0, 19], "uv_size": [2.25, 0.25]},
								"up": {"uv": [5, 19], "uv_size": [0.25, 2.25]},
								"down": {"uv": [6, 21.25], "uv_size": [0.25, -2.25]}
							}
						},
						{
							"origin": [-0.61244, 1.02138, 1.15],
							"size": [1.22487, 0.25, 1.25],
							"uv": {
								"north": {"uv": [21, 17], "uv_size": [1.25, 0.25]},
								"east": {"uv": [21, 18], "uv_size": [1.25, 0.25]},
								"south": {"uv": [19, 21], "uv_size": [1.25, 0.25]},
								"west": {"uv": [21, 20], "uv_size": [1.25, 0.25]},
								"up": {"uv": [7, 16], "uv_size": [1.25, 1.25]},
								"down": {"uv": [9, 17.25], "uv_size": [1.25, -1.25]}
							}
						},
						{
							"origin": [-0.125, 1.02138, 2.15],
							"size": [0.25, 0.25, 0.25],
							"pivot": [1.11244, 1.27138, 2.4],
							"rotation": [-60, 0, 0],
							"uv": {
								"north": {"uv": [16, 23], "uv_size": [0.25, 0.25]},
								"east": {"uv": [23, 16], "uv_size": [0.25, 0.25]},
								"west": {"uv": [17, 23], "uv_size": [0.25, 0.25]},
								"up": {"uv": [23, 17], "uv_size": [0.25, 0.25]},
								"down": {"uv": [18, 23.25], "uv_size": [0.25, -0.25]}
							}
						},
						{
							"origin": [0.54173, 1.24209, 1.15],
							"size": [0.1, 0.525, 0.5],
							"pivot": [0.54173, 1.34209, 2.4],
							"rotation": [0, 0, 45],
							"uv": {
								"north": {"uv": [23, 18], "uv_size": [0.125, 0.5]},
								"east": {"uv": [21, 21], "uv_size": [0.5, 0.5]},
								"west": {"uv": [2, 22], "uv_size": [0.5, 0.5]}
							}
						},
						{
							"origin": [0.25135, 1.28906, 0.70555],
							"size": [0.1, 0.51265, 1.24445],
							"pivot": [0.25135, 1.05171, 1.65],
							"rotation": [-45, 0, 45],
							"uv": {
								"north": {"uv": [19, 23], "uv_size": [0.125, 0.5]},
								"east": {"uv": [11, 16], "uv_size": [1.25, 0.5]},
								"west": {"uv": [13, 16], "uv_size": [1.25, 0.5]},
								"up": {"uv": [14, 22], "uv_size": [0.125, 1.25]}
							}
						},
						{
							"origin": [0.53289, 2.03325, 1.4125],
							"size": [0.1, 1.5, 0.1],
							"pivot": [0.53289, 1.33325, 2.3625],
							"rotation": [0, 0, 45],
							"uv": {
								"north": {"uv": [5, 22], "uv_size": [0.125, 1.5]},
								"east": {"uv": [6, 22], "uv_size": [0.125, 1.5]},
								"south": {"uv": [8, 22], "uv_size": [0.125, 1.5]},
								"west": {"uv": [9, 22], "uv_size": [0.125, 1.5]},
								"down": {"uv": [7, 24.125], "uv_size": [0.125, -0.125]}
							}
						},
						{
							"origin": [0.43289, 3.53325, 1.4125],
							"size": [0.2, 0.1, 0.1],
							"pivot": [0.53289, 1.33325, 2.3625],
							"rotation": [0, 0, 45],
							"uv": {
								"north": {"uv": [23, 20], "uv_size": [0.25, 0.125]},
								"east": {"uv": [8, 24], "uv_size": [0.125, 0.125]},
								"south": {"uv": [21, 23], "uv_size": [0.25, 0.125]},
								"west": {"uv": [9, 24], "uv_size": [0.125, 0.125]},
								"up": {"uv": [23, 21], "uv_size": [0.25, 0.125]},
								"down": {"uv": [22, 23.125], "uv_size": [0.25, -0.125]}
							}
						},
						{
							"origin": [-0.64173, 1.24209, 1.15],
							"size": [0.1, 0.525, 0.5],
							"pivot": [-0.54173, 1.34209, 2.4],
							"rotation": [0, 0, -45],
							"uv": {
								"north": {"uv": [23, 19], "uv_size": [0.125, 0.5]},
								"east": {"uv": [3, 22], "uv_size": [0.5, 0.5]},
								"west": {"uv": [4, 22], "uv_size": [0.5, 0.5]}
							}
						},
						{
							"origin": [-0.35135, 1.28906, 0.70555],
							"size": [0.1, 0.51265, 1.24445],
							"pivot": [-0.25135, 1.05171, 1.65],
							"rotation": [-45, 0, -45],
							"uv": {
								"north": {"uv": [20, 23], "uv_size": [0.125, 0.5]},
								"east": {"uv": [15, 16], "uv_size": [1.25, 0.5]},
								"west": {"uv": [11, 17], "uv_size": [1.25, 0.5]},
								"up": {"uv": [15, 22], "uv_size": [0.125, 1.25]}
							}
						},
						{
							"origin": [-0.63289, 2.03325, 1.4125],
							"size": [0.1, 1.5, 0.1],
							"pivot": [-0.53289, 1.33325, 2.3625],
							"rotation": [0, 0, -45],
							"uv": {
								"north": {"uv": [10, 22], "uv_size": [0.125, 1.5]},
								"east": {"uv": [11, 22], "uv_size": [0.125, 1.5]},
								"south": {"uv": [12, 22], "uv_size": [0.125, 1.5]},
								"west": {"uv": [13, 22], "uv_size": [0.125, 1.5]},
								"down": {"uv": [10, 24.125], "uv_size": [0.125, -0.125]}
							}
						},
						{
							"origin": [-0.63289, 3.53325, 1.4125],
							"size": [0.2, 0.1, 0.1],
							"pivot": [-0.53289, 1.33325, 2.3625],
							"rotation": [0, 0, -45],
							"uv": {
								"north": {"uv": [23, 22], "uv_size": [0.25, 0.125]},
								"east": {"uv": [11, 24], "uv_size": [0.125, 0.125]},
								"south": {"uv": [23, 23], "uv_size": [0.25, 0.125]},
								"west": {"uv": [12, 24], "uv_size": [0.125, 0.125]},
								"up": {"uv": [0, 24], "uv_size": [0.25, 0.125]},
								"down": {"uv": [1, 24.125], "uv_size": [0.25, -0.125]}
							}
						}
					]
				},
				{
					"name": "logo_illuminated",
					"parent": "open",
					"pivot": [0, 0, -0.75],
					"cubes": [
						{
							"origin": [0.59, 0.124, -0.775],
							"size": [0.025, 0.5, 0.9375],
							"pivot": [0.59848, 0.14634, -0.25],
							"rotation": [0, 0, -45],
							"uv": {
								"west": {"uv": [0, 0], "uv_size": [30, 16]}
							}
						}
					]
				}
			]
		}
	]
}