{
	"format_version": "1.12.0",
	"minecraft:geometry": [
		{
			"description": {
				"identifier": "geometry.buttstock_crab",
				"texture_width": 16,
				"texture_height": 16,
				"visible_bounds_width": 3,
				"visible_bounds_height": 1.5,
				"visible_bounds_offset": [0, 0.25, 0]
			},
			"bones": [
				{
					"name": "TACCOM_CRAB",
					"pivot": [0, 0, 1]
				},
				{
					"name": "main",
					"parent": "TACCOM_CRAB",
					"pivot": [0, -1.85, 1],
					"cubes": [
						{
							"origin": [0.3685, -1.57924, 2],
							"size": [0.5065, 2.01473, 1],
							"uv": {
								"north": {"uv": [9, 1], "uv_size": [1, 2]},
								"east": {"uv": [10, 1], "uv_size": [1, 2]},
								"south": {"uv": [10, 3], "uv_size": [1, 2]},
								"west": {"uv": [10, 5], "uv_size": [1, 2]}
							}
						},
						{
							"origin": [0.875, -1.37924, 2.8],
							"size": [0.2, 1.31473, 0.2],
							"uv": {
								"north": {"uv": [13, 7], "uv_size": [1, 1]},
								"south": {"uv": [8, 13], "uv_size": [1, 1]},
								"west": {"uv": [13, 8], "uv_size": [1, 1]},
								"up": {"uv": [9, 13], "uv_size": [1, 1]},
								"down": {"uv": [13, 10], "uv_size": [1, -1]}
							}
						},
						{
							"origin": [0.875, -1.37924, 2],
							"size": [0.2, 1.31473, 0.2],
							"uv": {
								"north": {"uv": [10, 13], "uv_size": [1, 1]},
								"south": {"uv": [13, 10], "uv_size": [1, 1]},
								"west": {"uv": [11, 13], "uv_size": [1, 1]},
								"up": {"uv": [13, 11], "uv_size": [1, 1]},
								"down": {"uv": [12, 14], "uv_size": [1, -1]}
							}
						},
						{
							"origin": [0.975, -0.47924, 2.3],
							"size": [0.1, 0.41473, 0.4],
							"pivot": [1.025, -0.27187, 2.5],
							"rotation": [-45, 0, 0],
							"uv": {
								"north": {"uv": [1, 14], "uv_size": [1, 1]},
								"east": {"uv": [14, 1], "uv_size": [1, 1]},
								"south": {"uv": [2, 14], "uv_size": [1, 1]},
								"west": {"uv": [14, 2], "uv_size": [1, 1]},
								"up": {"uv": [3, 14], "uv_size": [1, 1]},
								"down": {"uv": [14, 4], "uv_size": [1, -1]}
							}
						},
						{
							"origin": [0.875, -0.37924, 2.4],
							"size": [0.1, 0.2, 0.2],
							"uv": {
								"north": {"uv": [9, 14], "uv_size": [1, 1]},
								"south": {"uv": [14, 9], "uv_size": [1, 1]},
								"up": {"uv": [10, 14], "uv_size": [1, 1]},
								"down": {"uv": [14, 11], "uv_size": [1, -1]}
							}
						},
						{
							"origin": [-0.875, -1.57924, 2],
							"size": [0.5065, 2.01473, 1],
							"uv": {
								"north": {"uv": [6, 10], "uv_size": [1, 2]},
								"east": {"uv": [7, 10], "uv_size": [1, 2]},
								"south": {"uv": [10, 7], "uv_size": [1, 2]},
								"west": {"uv": [8, 10], "uv_size": [1, 2]}
							}
						},
						{
							"origin": [2.13877, -0.94238, 2],
							"size": [0.3125, 0.61872, 1],
							"pivot": [-0.00012, -2.15616, 5.25],
							"rotation": [0, 0, -45],
							"uv": {
								"north": {"uv": [11, 3], "uv_size": [1, 1]},
								"south": {"uv": [4, 11], "uv_size": [1, 1]},
								"west": {"uv": [11, 4], "uv_size": [1, 1]}
							}
						},
						{
							"origin": [-0.4375, 0.43549, 2],
							"size": [0.875, 0.4375, 1],
							"uv": {
								"north": {"uv": [5, 11], "uv_size": [1, 1]},
								"south": {"uv": [11, 5], "uv_size": [1, 1]},
								"up": {"uv": [11, 6], "uv_size": [1, 1]},
								"down": {"uv": [11, 8], "uv_size": [1, -1]}
							}
						},
						{
							"origin": [-2.45133, -0.94222, 2],
							"size": [0.3125, 0.61872, 1],
							"pivot": [-0.00012, -2.15616, 5.25],
							"rotation": [0, 0, 45],
							"uv": {
								"north": {"uv": [11, 8], "uv_size": [1, 1]},
								"east": {"uv": [11, 9], "uv_size": [1, 1]},
								"south": {"uv": [10, 11], "uv_size": [1, 1]}
							}
						},
						{
							"origin": [-0.2691, -2.60201, 2],
							"size": [0.4382, 0.25, 1],
							"pivot": [0, -1.95, 1],
							"rotation": [0, 0, 90],
							"uv": {
								"north": {"uv": [11, 10], "uv_size": [1, 1]},
								"south": {"uv": [11, 11], "uv_size": [1, 1]},
								"up": {"uv": [12, 0], "uv_size": [1, 1]},
								"down": {"uv": [12, 2], "uv_size": [1, -1]}
							}
						},
						{
							"origin": [-0.1309, -2.66017, 2],
							"size": [0.55816, 0.40816, 1],
							"pivot": [0, -1.85, 1],
							"rotation": [0, 0, 135],
							"uv": {
								"north": {"uv": [12, 2], "uv_size": [1, 1]},
								"east": {"uv": [12, 3], "uv_size": [1, 1]},
								"south": {"uv": [4, 12], "uv_size": [1, 1]},
								"west": {"uv": [12, 4], "uv_size": [1, 1]},
								"up": {"uv": [5, 12], "uv_size": [1, 1]}
							}
						},
						{
							"origin": [-0.2691, -2.50201, 2],
							"size": [0.5382, 0.25, 1],
							"pivot": [0, -1.85, 1],
							"rotation": [0, 0, 45],
							"uv": {
								"north": {"uv": [12, 5], "uv_size": [1, 1]},
								"south": {"uv": [6, 12], "uv_size": [1, 1]},
								"up": {"uv": [12, 6], "uv_size": [1, 1]},
								"down": {"uv": [7, 13], "uv_size": [1, -1]}
							}
						},
						{
							"origin": [-0.2691, -2.50201, 2],
							"size": [0.5382, 0.25, 1],
							"uv": {
								"north": {"uv": [12, 7], "uv_size": [1, 1]},
								"south": {"uv": [8, 12], "uv_size": [1, 1]},
								"up": {"uv": [12, 8], "uv_size": [1, 1]},
								"down": {"uv": [9, 13], "uv_size": [1, -1]}
							}
						},
						{
							"origin": [-0.2691, -2.50201, 2],
							"size": [0.5382, 0.25, 1],
							"pivot": [0, -1.85, 1],
							"rotation": [0, 0, -45],
							"uv": {
								"north": {"uv": [12, 9], "uv_size": [1, 1]},
								"south": {"uv": [10, 12], "uv_size": [1, 1]},
								"up": {"uv": [12, 10], "uv_size": [1, 1]},
								"down": {"uv": [11, 13], "uv_size": [1, -1]}
							}
						},
						{
							"origin": [-0.2691, -2.50201, 2],
							"size": [0.4382, 0.25, 1],
							"pivot": [0, -1.85, 1],
							"rotation": [0, 0, -90],
							"uv": {
								"north": {"uv": [12, 11], "uv_size": [1, 1]},
								"south": {"uv": [12, 12], "uv_size": [1, 1]},
								"up": {"uv": [0, 13], "uv_size": [1, 1]},
								"down": {"uv": [13, 1], "uv_size": [1, -1]}
							}
						},
						{
							"origin": [-0.42726, -2.66017, 2],
							"size": [0.55816, 0.40816, 1],
							"pivot": [0, -1.85, 1],
							"rotation": [0, 0, -135],
							"uv": {
								"north": {"uv": [1, 13], "uv_size": [1, 1]},
								"east": {"uv": [13, 1], "uv_size": [1, 1]},
								"south": {"uv": [2, 13], "uv_size": [1, 1]},
								"west": {"uv": [13, 2], "uv_size": [1, 1]},
								"up": {"uv": [3, 13], "uv_size": [1, 1]}
							}
						}
					]
				},
				{
					"name": "second",
					"parent": "TACCOM_CRAB",
					"pivot": [0, -1.85, 1.5],
					"cubes": [
						{
							"origin": [-0.4, -2.0156, 1],
							"size": [0.8, 0.3312, 6],
							"uv": {
								"north": {"uv": [13, 6], "uv_size": [1, 1]},
								"east": {"uv": [0, 6], "uv_size": [6, 1]},
								"south": {"uv": [7, 13], "uv_size": [1, 1]},
								"west": {"uv": [6, 0], "uv_size": [6, 1]}
							}
						},
						{
							"origin": [-0.4, -2.0156, 1],
							"size": [0.8, 0.3312, 6],
							"pivot": [0, -1.85, 1.5],
							"rotation": [0, 0, 45],
							"uv": {
								"north": {"uv": [13, 4], "uv_size": [1, 1]},
								"east": {"uv": [0, 2], "uv_size": [6, 1]},
								"south": {"uv": [5, 13], "uv_size": [1, 1]},
								"west": {"uv": [0, 3], "uv_size": [6, 1]}
							}
						},
						{
							"origin": [-0.4, -2.0156, 1],
							"size": [0.8, 0.3312, 6],
							"pivot": [0, -1.85, 1.5],
							"rotation": [0, 0, 90],
							"uv": {
								"north": {"uv": [13, 3], "uv_size": [1, 1]},
								"east": {"uv": [0, 0], "uv_size": [6, 1]},
								"south": {"uv": [4, 13], "uv_size": [1, 1]},
								"west": {"uv": [0, 1], "uv_size": [6, 1]}
							}
						},
						{
							"origin": [-0.4, -2.0156, 1],
							"size": [0.8, 0.3312, 6],
							"pivot": [0, -1.85, 1.5],
							"rotation": [0, 0, 135],
							"uv": {
								"north": {"uv": [13, 5], "uv_size": [1, 1]},
								"east": {"uv": [0, 4], "uv_size": [6, 1]},
								"south": {"uv": [6, 13], "uv_size": [1, 1]},
								"west": {"uv": [0, 5], "uv_size": [6, 1]}
							}
						}
					]
				},
				{
					"name": "secofsec",
					"parent": "second",
					"pivot": [0, -1.85, 1],
					"cubes": [
						{
							"origin": [-0.7156, -3, 6.5],
							"size": [0.5, 3.2, 0.4],
							"uv": {
								"north": {"uv": [7, 7], "uv_size": [1, 3]},
								"east": {"uv": [0, 8], "uv_size": [1, 3]},
								"south": {"uv": [1, 8], "uv_size": [1, 3]},
								"west": {"uv": [2, 8], "uv_size": [1, 3]}
							}
						},
						{
							"origin": [-0.7156, -5.325, 6.5],
							"size": [0.44659, 2.325, 0.4],
							"pivot": [-0.7156, -3, 6.9],
							"rotation": [0, 0, -11.25],
							"uv": {
								"north": {"uv": [10, 9], "uv_size": [1, 2]},
								"east": {"uv": [0, 11], "uv_size": [1, 2]},
								"south": {"uv": [1, 11], "uv_size": [1, 2]}
							}
						},
						{
							"origin": [0.26901, -5.325, 6.5],
							"size": [0.44659, 2.325, 0.4],
							"pivot": [0.7156, -3, 6.9],
							"rotation": [0, 0, 11.25],
							"uv": {
								"north": {"uv": [11, 1], "uv_size": [1, 2]},
								"south": {"uv": [2, 11], "uv_size": [1, 2]},
								"west": {"uv": [3, 11], "uv_size": [1, 2]}
							}
						},
						{
							"origin": [0.2156, -3, 6.5],
							"size": [0.5, 3.2, 0.4],
							"uv": {
								"north": {"uv": [3, 8], "uv_size": [1, 3]},
								"east": {"uv": [4, 8], "uv_size": [1, 3]},
								"south": {"uv": [5, 8], "uv_size": [1, 3]},
								"west": {"uv": [8, 7], "uv_size": [1, 3]}
							}
						},
						{
							"origin": [-0.26202, -5.28033, 6.5],
							"size": [0.52403, 2.78033, 0.4],
							"uv": {
								"north": {"uv": [9, 6], "uv_size": [1, 3]},
								"south": {"uv": [9, 9], "uv_size": [1, 3]},
								"up": {"uv": [8, 15], "uv_size": [1, 1]},
								"down": {"uv": [15, 9], "uv_size": [1, -1]}
							}
						},
						{
							"origin": [-0.3156, 0.1, 6.5],
							"size": [0.6312, 0.5, 0.4],
							"uv": {
								"north": {"uv": [6, 15], "uv_size": [1, 1]},
								"south": {"uv": [15, 6], "uv_size": [1, 1]},
								"up": {"uv": [7, 15], "uv_size": [1, 1]},
								"down": {"uv": [15, 8], "uv_size": [1, -1]}
							}
						},
						{
							"origin": [0.0906, 0.00503, 6.5],
							"size": [0.29571, 0.56569, 0.4],
							"pivot": [0.3156, 0.5, 6.9],
							"rotation": [0, 0, -45],
							"uv": {
								"north": {"uv": [3, 15], "uv_size": [1, 1]},
								"south": {"uv": [15, 3], "uv_size": [1, 1]},
								"west": {"uv": [4, 15], "uv_size": [1, 1]}
							}
						},
						{
							"origin": [-0.38631, 0.00503, 6.5],
							"size": [0.29571, 0.56569, 0.4],
							"pivot": [-0.3156, 0.5, 6.9],
							"rotation": [0, 0, 45],
							"uv": {
								"north": {"uv": [15, 4], "uv_size": [1, 1]},
								"east": {"uv": [5, 15], "uv_size": [1, 1]},
								"south": {"uv": [15, 5], "uv_size": [1, 1]}
							}
						}
					]
				},
				{
					"name": "cheekpiece",
					"parent": "TACCOM_CRAB",
					"pivot": [0, 0, 1],
					"cubes": [
						{
							"origin": [0.875, -0.67924, 2.6],
							"size": [0.1, 1.3, 0.2],
							"uv": {
								"north": {"uv": [13, 12], "uv_size": [1, 1]},
								"east": {"uv": [13, 13], "uv_size": [1, 1]},
								"south": {"uv": [0, 14], "uv_size": [1, 1]},
								"west": {"uv": [14, 0], "uv_size": [1, 1]}
							}
						},
						{
							"origin": [0.875, -0.67924, 2.2],
							"size": [0.1, 1.3, 0.2],
							"uv": {
								"north": {"uv": [7, 14], "uv_size": [1, 1]},
								"east": {"uv": [14, 7], "uv_size": [1, 1]},
								"south": {"uv": [8, 14], "uv_size": [1, 1]},
								"west": {"uv": [14, 8], "uv_size": [1, 1]}
							}
						},
						{
							"origin": [0.875, -1.07924, 2.2],
							"size": [0.1, 0.4, 0.6],
							"uv": {
								"north": {"uv": [4, 14], "uv_size": [1, 1]},
								"east": {"uv": [14, 4], "uv_size": [1, 1]},
								"south": {"uv": [5, 14], "uv_size": [1, 1]},
								"west": {"uv": [14, 5], "uv_size": [1, 1]},
								"up": {"uv": [6, 14], "uv_size": [1, 1]},
								"down": {"uv": [14, 7], "uv_size": [1, -1]}
							}
						},
						{
							"origin": [0.875, 0.62076, 2.2],
							"size": [0.1, 0.5, 0.6],
							"uv": {
								"north": {"uv": [11, 14], "uv_size": [1, 1]},
								"east": {"uv": [14, 11], "uv_size": [1, 1]},
								"south": {"uv": [12, 14], "uv_size": [1, 1]},
								"west": {"uv": [14, 12], "uv_size": [1, 1]},
								"down": {"uv": [13, 15], "uv_size": [1, -1]}
							}
						},
						{
							"origin": [0.825, 1.12076, 1.2],
							"size": [0.15, 0.35, 2.6],
							"pivot": [0.975, 1.12076, 2.2],
							"rotation": [0, 0, -22.5],
							"uv": {
								"north": {"uv": [14, 13], "uv_size": [1, 1]},
								"east": {"uv": [6, 1], "uv_size": [3, 1]},
								"south": {"uv": [14, 14], "uv_size": [1, 1]},
								"west": {"uv": [6, 2], "uv_size": [3, 1]},
								"down": {"uv": [6, 6], "uv_size": [1, -3]}
							}
						},
						{
							"origin": [0.69106, 1.44412, 1.2],
							"size": [0.15, 0.35, 2.6],
							"pivot": [0.84106, 1.44412, 2.2],
							"rotation": [0, 0, -45],
							"uv": {
								"north": {"uv": [0, 15], "uv_size": [1, 1]},
								"east": {"uv": [6, 6], "uv_size": [3, 1]},
								"south": {"uv": [15, 0], "uv_size": [1, 1]},
								"west": {"uv": [0, 7], "uv_size": [3, 1]}
							}
						},
						{
							"origin": [0.44358, 1.6916, 1.2],
							"size": [0.15, 0.35, 2.6],
							"pivot": [0.59358, 1.6916, 2.2],
							"rotation": [0, 0, -67.5],
							"uv": {
								"north": {"uv": [1, 15], "uv_size": [1, 1]},
								"east": {"uv": [3, 7], "uv_size": [3, 1]},
								"south": {"uv": [15, 1], "uv_size": [1, 1]},
								"west": {"uv": [7, 3], "uv_size": [3, 1]}
							}
						},
						{
							"origin": [0.12022, 1.82554, 1.2],
							"size": [0.15, 0.5, 2.6],
							"pivot": [0.27022, 1.82554, 2.2],
							"rotation": [0, 0, -90],
							"uv": {
								"north": {"uv": [2, 15], "uv_size": [1, 1]},
								"east": {"uv": [7, 4], "uv_size": [3, 1]},
								"south": {"uv": [15, 2], "uv_size": [1, 1]},
								"west": {"uv": [7, 5], "uv_size": [3, 1]},
								"up": {"uv": [6, 7], "uv_size": [1, 3]}
							}
						}
					]
				}
			]
		}
	]
}