{
	"format_version": "1.12.0",
	"minecraft:geometry": [
		{
			"description": {
				"identifier": "geometry.muzzle_vector06 - Converted",
				"texture_width": 32,
				"texture_height": 32,
				"visible_bounds_width": 4,
				"visible_bounds_height": 2.5,
				"visible_bounds_offset": [0, 0.75, 0]
			},
			"bones": [
				{
					"name": "KRISS_6inch",
					"pivot": [-4, -1, 0],
					"cubes": [
						{
							"origin": [0.225, -0.15533, -1.625],
							"size": [0.15, 0.31066, 1.4],
							"pivot": [0, 0, -12.6],
							"rotation": [0, 0, -45],
							"uv": {
								"north": {"uv": [8, 11], "uv_size": [1, 1]},
								"east": {"uv": [9, 11], "uv_size": [1, 1]},
								"south": {"uv": [11, 10], "uv_size": [1, 1]},
								"west": {"uv": [11, 11], "uv_size": [1, 1]}
							}
						},
						{
							"origin": [-0.375, -0.15533, -1.625],
							"size": [0.15, 0.31066, 1.4],
							"pivot": [0, 0, -12.6],
							"rotation": [0, 0, 45],
							"uv": {
								"north": {"uv": [0, 12], "uv_size": [1, 1]},
								"east": {"uv": [1, 12], "uv_size": [1, 1]},
								"south": {"uv": [12, 1], "uv_size": [1, 1]},
								"west": {"uv": [2, 12], "uv_size": [1, 1]}
							}
						},
						{
							"origin": [-0.15533, -0.375, -1.625],
							"size": [0.31066, 0.15, 1.4],
							"pivot": [0, 0, -12.6],
							"rotation": [0, 0, 45],
							"uv": {
								"north": {"uv": [12, 2], "uv_size": [1, 1]},
								"south": {"uv": [3, 12], "uv_size": [1, 1]},
								"up": {"uv": [4, 12], "uv_size": [1, 1]},
								"down": {"uv": [12, 5], "uv_size": [1, -1]}
							}
						},
						{
							"origin": [-0.15533, -0.375, -1.625],
							"size": [0.31066, 0.15, 1.4],
							"pivot": [0, 0, -12.6],
							"rotation": [0, 0, -45],
							"uv": {
								"north": {"uv": [12, 5], "uv_size": [1, 1]},
								"south": {"uv": [6, 12], "uv_size": [1, 1]},
								"up": {"uv": [7, 12], "uv_size": [1, 1]},
								"down": {"uv": [12, 8], "uv_size": [1, -1]}
							}
						},
						{
							"origin": [-0.15533, -0.375, -1.625],
							"size": [0.31066, 0.15, 1.4],
							"uv": {
								"north": {"uv": [8, 12], "uv_size": [1, 1]},
								"south": {"uv": [12, 8], "uv_size": [1, 1]},
								"up": {"uv": [9, 12], "uv_size": [1, 1]},
								"down": {"uv": [12, 10], "uv_size": [1, -1]}
							}
						},
						{
							"origin": [-0.15533, -0.375, -1.625],
							"size": [0.31066, 0.15, 1.4],
							"pivot": [0, 0, -12.6],
							"rotation": [0, 0, 90],
							"uv": {
								"north": {"uv": [10, 12], "uv_size": [1, 1]},
								"south": {"uv": [12, 10], "uv_size": [1, 1]},
								"up": {"uv": [11, 12], "uv_size": [1, 1]},
								"down": {"uv": [12, 12], "uv_size": [1, -1]}
							}
						},
						{
							"origin": [-0.375, -0.15533, -1.625],
							"size": [0.15, 0.31066, 1.4],
							"pivot": [0, 0, -12.6],
							"rotation": [0, 0, 90],
							"uv": {
								"north": {"uv": [12, 12], "uv_size": [1, 1]},
								"east": {"uv": [0, 13], "uv_size": [1, 1]},
								"south": {"uv": [13, 0], "uv_size": [1, 1]},
								"west": {"uv": [1, 13], "uv_size": [1, 1]}
							}
						},
						{
							"origin": [0.225, -0.15533, -1.625],
							"size": [0.15, 0.31066, 1.4],
							"uv": {
								"north": {"uv": [13, 1], "uv_size": [1, 1]},
								"east": {"uv": [2, 13], "uv_size": [1, 1]},
								"south": {"uv": [13, 2], "uv_size": [1, 1]},
								"west": {"uv": [3, 13], "uv_size": [1, 1]}
							}
						}
					]
				},
				{
					"name": "KRISS_MK5M",
					"pivot": [0, -1.08145, -2.93239],
					"cubes": [
						{
							"origin": [-0.175, 0.9625, -1.35],
							"size": [0.35, 0.2, 0.55],
							"uv": {
								"north": {"uv": [13, 3], "uv_size": [1, 1]},
								"south": {"uv": [4, 13], "uv_size": [1, 1]},
								"up": {"uv": [13, 4], "uv_size": [1, 1]},
								"down": {"uv": [5, 14], "uv_size": [1, -1]}
							}
						},
						{
							"origin": [-0.475, -1.2375, 0.75],
							"size": [0.95, 0.2, 0.25],
							"uv": {
								"north": {"uv": [13, 5], "uv_size": [1, 1]},
								"south": {"uv": [6, 13], "uv_size": [1, 1]},
								"up": {"uv": [13, 6], "uv_size": [1, 1]},
								"down": {"uv": [7, 14], "uv_size": [1, -1]}
							}
						},
						{
							"origin": [-0.475, 0.9625, 0.75],
							"size": [0.95, 0.2, 0.25],
							"uv": {
								"north": {"uv": [13, 7], "uv_size": [1, 1]},
								"south": {"uv": [8, 13], "uv_size": [1, 1]},
								"up": {"uv": [13, 8], "uv_size": [1, 1]},
								"down": {"uv": [9, 14], "uv_size": [1, -1]}
							}
						},
						{
							"origin": [-0.475, 0.9625, -1.35],
							"size": [0.3, 0.2, 2.1],
							"uv": {
								"north": {"uv": [13, 9], "uv_size": [1, 1]},
								"west": {"uv": [5, 3], "uv_size": [2, 1]},
								"up": {"uv": [4, 5], "uv_size": [1, 2]},
								"down": {"uv": [5, 7], "uv_size": [1, -2]}
							}
						},
						{
							"origin": [0.175, 0.9625, -1.35],
							"size": [0.3, 0.2, 2.1],
							"uv": {
								"north": {"uv": [10, 13], "uv_size": [1, 1]},
								"east": {"uv": [6, 5], "uv_size": [2, 1]},
								"up": {"uv": [0, 6], "uv_size": [1, 2]},
								"down": {"uv": [6, 8], "uv_size": [1, -2]}
							}
						},
						{
							"origin": [0.175, -1.2375, -1.35],
							"size": [0.3, 0.2, 2.1],
							"uv": {
								"north": {"uv": [13, 10], "uv_size": [1, 1]},
								"east": {"uv": [7, 3], "uv_size": [2, 1]},
								"up": {"uv": [4, 7], "uv_size": [1, 2]},
								"down": {"uv": [5, 9], "uv_size": [1, -2]}
							}
						},
						{
							"origin": [-0.175, -1.2375, -1.35],
							"size": [0.35, 0.2, 0.55],
							"uv": {
								"north": {"uv": [11, 13], "uv_size": [1, 1]},
								"south": {"uv": [13, 11], "uv_size": [1, 1]},
								"up": {"uv": [12, 13], "uv_size": [1, 1]},
								"down": {"uv": [13, 13], "uv_size": [1, -1]}
							}
						},
						{
							"origin": [-0.475, -1.2375, -1.35],
							"size": [0.3, 0.2, 2.1],
							"uv": {
								"north": {"uv": [13, 13], "uv_size": [1, 1]},
								"west": {"uv": [7, 4], "uv_size": [2, 1]},
								"up": {"uv": [7, 6], "uv_size": [1, 2]},
								"down": {"uv": [0, 10], "uv_size": [1, -2]}
							}
						},
						{
							"origin": [-1.15563, -1.47464, 0.75],
							"size": [0.2, 0.84529, 0.25],
							"pivot": [-1.15563, -0.37935, 0.75],
							"rotation": [0, 0, -38.5],
							"uv": {
								"north": {"uv": [0, 14], "uv_size": [1, 1]},
								"east": {"uv": [14, 0], "uv_size": [1, 1]},
								"south": {"uv": [1, 14], "uv_size": [1, 1]},
								"west": {"uv": [14, 1], "uv_size": [1, 1]}
							}
						},
						{
							"origin": [-1, -1.075, 1],
							"size": [0.2, 0.5, 3.75],
							"pivot": [-1, -0.575, 1],
							"rotation": [0, 0, -45],
							"uv": {
								"north": {"uv": [2, 14], "uv_size": [1, 1]},
								"east": {"uv": [0, 0], "uv_size": [4, 1]},
								"south": {"uv": [14, 2], "uv_size": [1, 1]},
								"west": {"uv": [0, 1], "uv_size": [4, 1]},
								"down": {"uv": [0, 6], "uv_size": [1, -4]}
							}
						},
						{
							"origin": [-1, 0.375, 0.75],
							"size": [0.2, 0.94646, 0.25],
							"pivot": [-1, 0.375, 0.75],
							"rotation": [0, 0, 33.75],
							"uv": {
								"north": {"uv": [3, 14], "uv_size": [1, 1]},
								"east": {"uv": [14, 3], "uv_size": [1, 1]},
								"south": {"uv": [4, 14], "uv_size": [1, 1]},
								"west": {"uv": [14, 4], "uv_size": [1, 1]}
							}
						},
						{
							"origin": [-1.03151, -1.43238, -1.05],
							"size": [0.2, 0.2453, 1.8],
							"pivot": [-1.03306, -0.53593, -1.35],
							"rotation": [0, 0, -38.5],
							"uv": {
								"east": {"uv": [8, 0], "uv_size": [2, 1]},
								"west": {"uv": [1, 8], "uv_size": [2, 1]},
								"up": {"uv": [8, 5], "uv_size": [1, 2]}
							}
						},
						{
							"origin": [-1, -1.175, -1.2],
							"size": [0.2, 0.375, 0.2],
							"pivot": [-1, -0.575, -1.55],
							"rotation": [0, 0, -38.5],
							"uv": {
								"north": {"uv": [5, 14], "uv_size": [1, 1]},
								"east": {"uv": [14, 5], "uv_size": [1, 1]},
								"south": {"uv": [6, 14], "uv_size": [1, 1]},
								"west": {"uv": [14, 6], "uv_size": [1, 1]}
							}
						},
						{
							"origin": [-1, -0.825, -1.05],
							"size": [0.2, 0.25, 1.8],
							"pivot": [-1, -0.575, -1.35],
							"rotation": [0, 0, -38.5],
							"uv": {
								"east": {"uv": [8, 1], "uv_size": [2, 1]},
								"west": {"uv": [6, 8], "uv_size": [2, 1]},
								"down": {"uv": [8, 9], "uv_size": [1, -2]}
							}
						},
						{
							"origin": [-1.03151, -1.43238, -1.35],
							"size": [0.2, 0.1625, 0.3],
							"pivot": [-1.03306, -0.53593, -1.35],
							"rotation": [0, 0, -38.5],
							"uv": {
								"north": {"uv": [7, 14], "uv_size": [1, 1]},
								"east": {"uv": [14, 7], "uv_size": [1, 1]},
								"west": {"uv": [8, 14], "uv_size": [1, 1]}
							}
						},
						{
							"origin": [-0.57495, -1.25936, -1.35],
							"size": [0.2, 0.15, 0.3],
							"pivot": [-0.57495, -1.10936, -1.35],
							"rotation": [30, 0, -38.5],
							"uv": {
								"east": {"uv": [14, 8], "uv_size": [1, 1]},
								"west": {"uv": [9, 14], "uv_size": [1, 1]},
								"up": {"uv": [14, 9], "uv_size": [1, 1]}
							}
						},
						{
							"origin": [-1, -0.7125, -1.35],
							"size": [0.2, 0.1375, 0.3],
							"pivot": [-1, -0.575, -1.35],
							"rotation": [0, 0, -38.5],
							"uv": {
								"north": {"uv": [10, 14], "uv_size": [1, 1]},
								"east": {"uv": [14, 10], "uv_size": [1, 1]},
								"west": {"uv": [11, 14], "uv_size": [1, 1]}
							}
						},
						{
							"origin": [-0.9144, -0.68261, -1.35],
							"size": [0.2, 0.15, 0.3],
							"pivot": [-0.9144, -0.68261, -1.35],
							"rotation": [-30, 0, -38.5],
							"uv": {
								"east": {"uv": [14, 11], "uv_size": [1, 1]},
								"west": {"uv": [12, 14], "uv_size": [1, 1]},
								"down": {"uv": [14, 13], "uv_size": [1, -1]}
							}
						},
						{
							"origin": [-1, 0.6, -1.2],
							"size": [0.2, 0.45, 0.2],
							"pivot": [-1, 0.375, -1.55],
							"rotation": [0, 0, 33.75],
							"uv": {
								"north": {"uv": [13, 14], "uv_size": [1, 1]},
								"east": {"uv": [14, 13], "uv_size": [1, 1]},
								"south": {"uv": [14, 14], "uv_size": [1, 1]},
								"west": {"uv": [0, 15], "uv_size": [1, 1]}
							}
						},
						{
							"origin": [-1, 0.375, -1.05],
							"size": [0.2, 0.3, 1.8],
							"pivot": [-1, 0.375, -1.35],
							"rotation": [0, 0, 33.75],
							"uv": {
								"east": {"uv": [1, 9], "uv_size": [2, 1]},
								"west": {"uv": [9, 2], "uv_size": [2, 1]},
								"up": {"uv": [3, 9], "uv_size": [1, 2]}
							}
						},
						{
							"origin": [-1, 0.375, -1.35],
							"size": [0.2, 0.15, 0.3],
							"pivot": [-1, 0.375, -1.35],
							"rotation": [0, 0, 33.75],
							"uv": {
								"north": {"uv": [15, 0], "uv_size": [1, 1]},
								"east": {"uv": [1, 15], "uv_size": [1, 1]},
								"west": {"uv": [15, 1], "uv_size": [1, 1]}
							}
						},
						{
							"origin": [-0.91666, 0.34972, -1.35],
							"size": [0.2, 0.15, 0.3],
							"pivot": [-0.91666, 0.49972, -1.35],
							"rotation": [30, 0, 33.75],
							"uv": {
								"east": {"uv": [2, 15], "uv_size": [1, 1]},
								"west": {"uv": [15, 2], "uv_size": [1, 1]},
								"up": {"uv": [3, 15], "uv_size": [1, 1]}
							}
						},
						{
							"origin": [-1, 1.025, -1.05],
							"size": [0.2, 0.29646, 1.8],
							"pivot": [-1, 0.375, -1.35],
							"rotation": [0, 0, 33.75],
							"uv": {
								"east": {"uv": [9, 3], "uv_size": [2, 1]},
								"west": {"uv": [4, 9], "uv_size": [2, 1]},
								"down": {"uv": [9, 6], "uv_size": [1, -2]}
							}
						},
						{
							"origin": [-1, 1.13396, -1.35],
							"size": [0.2, 0.1875, 0.3],
							"pivot": [-1, 0.375, -1.35],
							"rotation": [0, 0, 33.75],
							"uv": {
								"north": {"uv": [15, 3], "uv_size": [1, 1]},
								"east": {"uv": [4, 15], "uv_size": [1, 1]},
								"west": {"uv": [15, 4], "uv_size": [1, 1]}
							}
						},
						{
							"origin": [-0.57835, 1.00605, -1.35],
							"size": [0.2, 0.15, 0.3],
							"pivot": [-0.57835, 1.00605, -1.35],
							"rotation": [-30, 0, 33.75],
							"uv": {
								"east": {"uv": [5, 15], "uv_size": [1, 1]},
								"west": {"uv": [15, 5], "uv_size": [1, 1]},
								"down": {"uv": [6, 16], "uv_size": [1, -1]}
							}
						},
						{
							"origin": [-1, -0.575, 0.75],
							"size": [0.2, 0.95, 0.25],
							"uv": {
								"north": {"uv": [15, 6], "uv_size": [1, 1]},
								"east": {"uv": [7, 15], "uv_size": [1, 1]},
								"south": {"uv": [15, 7], "uv_size": [1, 1]},
								"west": {"uv": [8, 15], "uv_size": [1, 1]}
							}
						},
						{
							"origin": [-1, -0.275, -1.35],
							"size": [0.2, 0.35, 0.35],
							"uv": {
								"north": {"uv": [15, 8], "uv_size": [1, 1]},
								"east": {"uv": [9, 15], "uv_size": [1, 1]},
								"south": {"uv": [15, 9], "uv_size": [1, 1]},
								"west": {"uv": [10, 15], "uv_size": [1, 1]}
							}
						},
						{
							"origin": [-1, -0.575, -1.35],
							"size": [0.2, 0.3, 2.1],
							"uv": {
								"north": {"uv": [15, 10], "uv_size": [1, 1]},
								"east": {"uv": [6, 9], "uv_size": [2, 1]},
								"west": {"uv": [9, 6], "uv_size": [2, 1]},
								"up": {"uv": [9, 7], "uv_size": [1, 2]}
							}
						},
						{
							"origin": [-1, 0.075, -1.35],
							"size": [0.2, 0.3, 2.1],
							"uv": {
								"north": {"uv": [11, 15], "uv_size": [1, 1]},
								"east": {"uv": [8, 9], "uv_size": [2, 1]},
								"west": {"uv": [0, 10], "uv_size": [2, 1]},
								"down": {"uv": [10, 2], "uv_size": [1, -2]}
							}
						},
						{
							"origin": [-1.1, -0.4, 4.0625],
							"size": [0.2, 0.3, 0.3],
							"pivot": [-0.9, -0.25, 4.2125],
							"rotation": [45, 0, 0],
							"uv": {
								"north": {"uv": [15, 11], "uv_size": [1, 1]},
								"east": {"uv": [12, 15], "uv_size": [1, 1]},
								"south": {"uv": [15, 12], "uv_size": [1, 1]},
								"up": {"uv": [13, 15], "uv_size": [1, 1]},
								"down": {"uv": [15, 14], "uv_size": [1, -1]}
							}
						},
						{
							"origin": [-1, -0.575, 1],
							"size": [0.2, 0.8, 3.75],
							"uv": {
								"east": {"uv": [1, 2], "uv_size": [4, 1]},
								"south": {"uv": [14, 15], "uv_size": [1, 1]},
								"west": {"uv": [1, 3], "uv_size": [4, 1]},
								"up": {"uv": [1, 4], "uv_size": [1, 4]}
							}
						},
						{
							"origin": [-1.1, -0.4, 1.9375],
							"size": [0.2, 0.3, 0.3],
							"pivot": [-0.9, -0.25, 2.0875],
							"rotation": [45, 0, 0],
							"uv": {
								"north": {"uv": [15, 14], "uv_size": [1, 1]},
								"east": {"uv": [15, 15], "uv_size": [1, 1]},
								"south": {"uv": [0, 16], "uv_size": [1, 1]},
								"up": {"uv": [16, 0], "uv_size": [1, 1]},
								"down": {"uv": [1, 17], "uv_size": [1, -1]}
							}
						},
						{
							"origin": [0.8, -1.075, 1],
							"size": [0.2, 0.5, 3.75],
							"pivot": [1, -0.575, 1],
							"rotation": [0, 0, 45],
							"uv": {
								"north": {"uv": [16, 1], "uv_size": [1, 1]},
								"east": {"uv": [4, 0], "uv_size": [4, 1]},
								"south": {"uv": [2, 16], "uv_size": [1, 1]},
								"west": {"uv": [4, 1], "uv_size": [4, 1]},
								"down": {"uv": [2, 8], "uv_size": [1, -4]}
							}
						},
						{
							"origin": [0.9, -0.4, 1.9375],
							"size": [0.2, 0.3, 0.3],
							"pivot": [0.9, -0.25, 2.0875],
							"rotation": [45, 0, 0],
							"uv": {
								"north": {"uv": [16, 2], "uv_size": [1, 1]},
								"south": {"uv": [3, 16], "uv_size": [1, 1]},
								"west": {"uv": [16, 3], "uv_size": [1, 1]},
								"up": {"uv": [4, 16], "uv_size": [1, 1]},
								"down": {"uv": [16, 5], "uv_size": [1, -1]}
							}
						},
						{
							"origin": [0.8, -0.575, 1],
							"size": [0.2, 0.8, 3.75],
							"uv": {
								"east": {"uv": [3, 4], "uv_size": [4, 1]},
								"south": {"uv": [5, 16], "uv_size": [1, 1]},
								"west": {"uv": [5, 2], "uv_size": [4, 1]},
								"up": {"uv": [3, 5], "uv_size": [1, 4]}
							}
						},
						{
							"origin": [0.9, -0.4, 4.0625],
							"size": [0.2, 0.3, 0.3],
							"pivot": [0.9, -0.25, 4.2125],
							"rotation": [45, 0, 0],
							"uv": {
								"north": {"uv": [16, 5], "uv_size": [1, 1]},
								"south": {"uv": [6, 16], "uv_size": [1, 1]},
								"west": {"uv": [16, 6], "uv_size": [1, 1]},
								"up": {"uv": [7, 16], "uv_size": [1, 1]},
								"down": {"uv": [16, 8], "uv_size": [1, -1]}
							}
						},
						{
							"origin": [0.8, 0.075, -1.35],
							"size": [0.2, 0.3, 2.1],
							"uv": {
								"north": {"uv": [8, 16], "uv_size": [1, 1]},
								"east": {"uv": [4, 10], "uv_size": [2, 1]},
								"west": {"uv": [10, 4], "uv_size": [2, 1]},
								"down": {"uv": [2, 12], "uv_size": [1, -2]}
							}
						},
						{
							"origin": [0.8, -0.575, -1.35],
							"size": [0.2, 0.3, 2.1],
							"uv": {
								"north": {"uv": [16, 8], "uv_size": [1, 1]},
								"east": {"uv": [10, 5], "uv_size": [2, 1]},
								"west": {"uv": [6, 10], "uv_size": [2, 1]},
								"up": {"uv": [10, 7], "uv_size": [1, 2]}
							}
						},
						{
							"origin": [0.8, -0.275, -1.35],
							"size": [0.2, 0.35, 0.35],
							"uv": {
								"north": {"uv": [9, 16], "uv_size": [1, 1]},
								"east": {"uv": [16, 9], "uv_size": [1, 1]},
								"south": {"uv": [10, 16], "uv_size": [1, 1]},
								"west": {"uv": [16, 10], "uv_size": [1, 1]}
							}
						},
						{
							"origin": [0.8, -0.575, 0.75],
							"size": [0.2, 0.95, 0.25],
							"uv": {
								"north": {"uv": [11, 16], "uv_size": [1, 1]},
								"east": {"uv": [16, 11], "uv_size": [1, 1]},
								"south": {"uv": [12, 16], "uv_size": [1, 1]},
								"west": {"uv": [16, 12], "uv_size": [1, 1]}
							}
						},
						{
							"origin": [0.37835, 1.00605, -1.35],
							"size": [0.2, 0.15, 0.3],
							"pivot": [0.57835, 1.00605, -1.35],
							"rotation": [-30, 0, -33.75],
							"uv": {
								"east": {"uv": [13, 16], "uv_size": [1, 1]},
								"west": {"uv": [16, 13], "uv_size": [1, 1]},
								"down": {"uv": [14, 17], "uv_size": [1, -1]}
							}
						},
						{
							"origin": [0.8, 1.13396, -1.35],
							"size": [0.2, 0.1875, 0.3],
							"pivot": [1, 0.375, -1.35],
							"rotation": [0, 0, -33.75],
							"uv": {
								"north": {"uv": [16, 14], "uv_size": [1, 1]},
								"east": {"uv": [15, 16], "uv_size": [1, 1]},
								"west": {"uv": [16, 15], "uv_size": [1, 1]}
							}
						},
						{
							"origin": [0.8, 1.025, -1.05],
							"size": [0.2, 0.29646, 1.8],
							"pivot": [1, 0.375, -1.35],
							"rotation": [0, 0, -33.75],
							"uv": {
								"east": {"uv": [8, 10], "uv_size": [2, 1]},
								"west": {"uv": [10, 9], "uv_size": [2, 1]},
								"down": {"uv": [10, 12], "uv_size": [1, -2]}
							}
						},
						{
							"origin": [0.71666, 0.34972, -1.35],
							"size": [0.2, 0.15, 0.3],
							"pivot": [0.91666, 0.49972, -1.35],
							"rotation": [30, 0, -33.75],
							"uv": {
								"east": {"uv": [16, 16], "uv_size": [1, 1]},
								"west": {"uv": [0, 17], "uv_size": [1, 1]},
								"up": {"uv": [17, 0], "uv_size": [1, 1]}
							}
						},
						{
							"origin": [0.8, 0.375, -1.35],
							"size": [0.2, 0.15, 0.3],
							"pivot": [1, 0.375, -1.35],
							"rotation": [0, 0, -33.75],
							"uv": {
								"north": {"uv": [1, 17], "uv_size": [1, 1]},
								"east": {"uv": [17, 1], "uv_size": [1, 1]},
								"west": {"uv": [2, 17], "uv_size": [1, 1]}
							}
						},
						{
							"origin": [0.8, 0.375, -1.05],
							"size": [0.2, 0.3, 1.8],
							"pivot": [1, 0.375, -1.35],
							"rotation": [0, 0, -33.75],
							"uv": {
								"east": {"uv": [0, 11], "uv_size": [2, 1]},
								"west": {"uv": [11, 0], "uv_size": [2, 1]},
								"up": {"uv": [11, 1], "uv_size": [1, 2]}
							}
						},
						{
							"origin": [0.8, 0.6, -1.2],
							"size": [0.2, 0.45, 0.2],
							"pivot": [1, 0.375, -1.55],
							"rotation": [0, 0, -33.75],
							"uv": {
								"north": {"uv": [17, 2], "uv_size": [1, 1]},
								"east": {"uv": [3, 17], "uv_size": [1, 1]},
								"south": {"uv": [17, 3], "uv_size": [1, 1]},
								"west": {"uv": [4, 17], "uv_size": [1, 1]}
							}
						},
						{
							"origin": [0.7144, -0.68261, -1.35],
							"size": [0.2, 0.15, 0.3],
							"pivot": [0.9144, -0.68261, -1.35],
							"rotation": [-30, 0, 38.5],
							"uv": {
								"east": {"uv": [17, 4], "uv_size": [1, 1]},
								"west": {"uv": [5, 17], "uv_size": [1, 1]},
								"down": {"uv": [17, 6], "uv_size": [1, -1]}
							}
						},
						{
							"origin": [0.8, -0.7125, -1.35],
							"size": [0.2, 0.1375, 0.3],
							"pivot": [1, -0.575, -1.35],
							"rotation": [0, 0, 38.5],
							"uv": {
								"north": {"uv": [6, 17], "uv_size": [1, 1]},
								"east": {"uv": [17, 6], "uv_size": [1, 1]},
								"west": {"uv": [7, 17], "uv_size": [1, 1]}
							}
						},
						{
							"origin": [0.37495, -1.25936, -1.35],
							"size": [0.2, 0.15, 0.3],
							"pivot": [0.57495, -1.10936, -1.35],
							"rotation": [30, 0, 38.5],
							"uv": {
								"east": {"uv": [17, 7], "uv_size": [1, 1]},
								"west": {"uv": [8, 17], "uv_size": [1, 1]},
								"up": {"uv": [17, 8], "uv_size": [1, 1]}
							}
						},
						{
							"origin": [0.83151, -1.43238, -1.35],
							"size": [0.2, 0.1625, 0.3],
							"pivot": [1.03306, -0.53593, -1.35],
							"rotation": [0, 0, 38.5],
							"uv": {
								"north": {"uv": [9, 17], "uv_size": [1, 1]},
								"east": {"uv": [17, 9], "uv_size": [1, 1]},
								"west": {"uv": [10, 17], "uv_size": [1, 1]}
							}
						},
						{
							"origin": [0.8, -0.825, -1.05],
							"size": [0.2, 0.25, 1.8],
							"pivot": [1, -0.575, -1.35],
							"rotation": [0, 0, 38.5],
							"uv": {
								"east": {"uv": [3, 11], "uv_size": [2, 1]},
								"west": {"uv": [11, 3], "uv_size": [2, 1]},
								"down": {"uv": [5, 13], "uv_size": [1, -2]}
							}
						},
						{
							"origin": [0.8, -1.175, -1.2],
							"size": [0.2, 0.375, 0.2],
							"pivot": [1, -0.575, -1.55],
							"rotation": [0, 0, 38.5],
							"uv": {
								"north": {"uv": [17, 10], "uv_size": [1, 1]},
								"east": {"uv": [11, 17], "uv_size": [1, 1]},
								"south": {"uv": [17, 11], "uv_size": [1, 1]},
								"west": {"uv": [12, 17], "uv_size": [1, 1]}
							}
						},
						{
							"origin": [0.83151, -1.43238, -1.05],
							"size": [0.2, 0.2453, 1.8],
							"pivot": [1.03306, -0.53593, -1.35],
							"rotation": [0, 0, 38.5],
							"uv": {
								"east": {"uv": [6, 11], "uv_size": [2, 1]},
								"west": {"uv": [11, 6], "uv_size": [2, 1]},
								"up": {"uv": [11, 7], "uv_size": [1, 2]}
							}
						},
						{
							"origin": [0.8, 0.375, 0.75],
							"size": [0.2, 0.94646, 0.25],
							"pivot": [1, 0.375, 0.75],
							"rotation": [0, 0, -33.75],
							"uv": {
								"north": {"uv": [17, 12], "uv_size": [1, 1]},
								"east": {"uv": [13, 17], "uv_size": [1, 1]},
								"south": {"uv": [17, 13], "uv_size": [1, 1]},
								"west": {"uv": [14, 17], "uv_size": [1, 1]}
							}
						},
						{
							"origin": [0.95563, -1.47464, 0.75],
							"size": [0.2, 0.84529, 0.25],
							"pivot": [1.15563, -0.37935, 0.75],
							"rotation": [0, 0, 38.5],
							"uv": {
								"north": {"uv": [17, 14], "uv_size": [1, 1]},
								"east": {"uv": [15, 17], "uv_size": [1, 1]},
								"south": {"uv": [17, 15], "uv_size": [1, 1]},
								"west": {"uv": [16, 17], "uv_size": [1, 1]}
							}
						}
					]
				}
			]
		}
	]
}