{
	"format_version": "1.12.0",
	"minecraft:geometry": [
		{
			"description": {
				"identifier": "geometry.shield_vantvm",
				"texture_width": 128,
				"texture_height": 128,
				"visible_bounds_width": 128,
				"visible_bounds_height": 9,
				"visible_bounds_offset": [0, 2.5, 0]
			},
			"bones": [
				{
					"name": "VantVM",
					"pivot": [0, 5, -12],
					"rotation": [-9.85108, 44.13603, -104.00194]
				},
				{
					"name": "proof",
					"parent": "VantVM",
					"pivot": [0, 5.62262, -11.96146],
					"cubes": [
						{
							"origin": [10, 7.87721, -13],
							"size": [1.92548, 1.189, 1],
							"uv": {
								"north": {"uv": [85, 12], "uv_size": [2, 1]},
								"west": {"uv": [87, 65], "uv_size": [1, 1]}
							}
						},
						{
							"origin": [9.69083, 4.81692, -13],
							"size": [2, 17, 2],
							"pivot": [0, 7.5943, -11.7495],
							"rotation": [0, 0, -20.4],
							"uv": {
								"north": {"uv": [60, 25], "uv_size": [2, 17]},
								"south": {"uv": [60, 43], "uv_size": [2, 17]},
								"west": {"uv": [26, 61], "uv_size": [2, 17]}
							}
						},
						{
							"origin": [8, -0.95, -13],
							"size": [2, 15.15, 2],
							"uv": {
								"north": {"uv": [63, 28], "uv_size": [2, 15]},
								"south": {"uv": [63, 44], "uv_size": [2, 15]}
							}
						},
						{
							"origin": [6, -10.35, -13],
							"size": [2, 29.75, 2],
							"uv": {
								"north": {"uv": [51, 21], "uv_size": [2, 30]},
								"south": {"uv": [51, 52], "uv_size": [2, 30]}
							}
						},
						{
							"origin": [9.60606, -18.14953, -13],
							"size": [2, 28.5, 1],
							"pivot": [0, 7.5943, -11.7495],
							"rotation": [0, 0, 12],
							"uv": {
								"north": {"uv": [57, 21], "uv_size": [2, 29]},
								"west": {"uv": [48, 65], "uv_size": [1, 29]}
							}
						},
						{
							"origin": [-11.92548, 7.87721, -13],
							"size": [1.92548, 1.189, 1],
							"uv": {
								"north": {"uv": [0, 86], "uv_size": [2, 1]},
								"east": {"uv": [89, 26], "uv_size": [1, 1]}
							}
						},
						{
							"origin": [-11.69083, 4.81692, -13],
							"size": [2, 17, 2],
							"pivot": [0, 7.5943, -11.7495],
							"rotation": [0, 0, 20.4],
							"uv": {
								"north": {"uv": [29, 61], "uv_size": [2, 17]},
								"east": {"uv": [32, 61], "uv_size": [2, 17]},
								"south": {"uv": [35, 61], "uv_size": [2, 17]}
							}
						},
						{
							"origin": [-10, -0.95, -13],
							"size": [2, 15.15, 2],
							"uv": {
								"north": {"uv": [38, 65], "uv_size": [2, 15]},
								"south": {"uv": [41, 65], "uv_size": [2, 15]}
							}
						},
						{
							"origin": [-8, -10.35, -13],
							"size": [2, 29.75, 2],
							"uv": {
								"north": {"uv": [54, 21], "uv_size": [2, 30]},
								"south": {"uv": [54, 52], "uv_size": [2, 30]}
							}
						},
						{
							"origin": [-11.60606, -18.14953, -13],
							"size": [2, 28.5, 1],
							"pivot": [0, 7.5943, -11.7495],
							"rotation": [0, 0, -12],
							"uv": {
								"north": {"uv": [57, 51], "uv_size": [2, 29]},
								"east": {"uv": [60, 65], "uv_size": [1, 29]}
							}
						},
						{
							"origin": [-11.92548, -20.5, -12],
							"size": [23.85096, 29.56621, 1.001],
							"uv": {
								"north": {"uv": [0, 0], "uv_size": [24, 30]},
								"east": {"uv": [44, 65], "uv_size": [1, 30]},
								"south": {"uv": [25, 0], "uv_size": [24, 30]},
								"west": {"uv": [46, 65], "uv_size": [1, 30]},
								"down": {"uv": [63, 15], "uv_size": [24, -1]}
							}
						},
						{
							"origin": [-6, -20, -13],
							"size": [12, 34, 2],
							"uv": {
								"north": {"uv": [0, 31], "uv_size": [12, 34]},
								"south": {"uv": [13, 31], "uv_size": [12, 34]},
								"down": {"uv": [0, 68], "uv_size": [12, -2]}
							}
						},
						{
							"origin": [-6, 18, -13],
							"size": [12, 7, 2],
							"uv": {
								"north": {"uv": [50, 0], "uv_size": [12, 7]},
								"south": {"uv": [50, 8], "uv_size": [12, 7]},
								"up": {"uv": [13, 66], "uv_size": [12, 2]}
							}
						}
					]
				},
				{
					"name": "deco",
					"parent": "VantVM",
					"pivot": [4.5, -18.5, -12],
					"cubes": [
						{
							"origin": [3.95, 22.25, -13.5],
							"size": [1, 1, 3],
							"pivot": [4.45, 22.75, -12],
							"rotation": [0, 0, -45],
							"uv": {
								"north": {"uv": [93, 39], "uv_size": [1, 1]},
								"east": {"uv": [82, 32], "uv_size": [3, 1]},
								"south": {"uv": [93, 62], "uv_size": [1, 1]},
								"west": {"uv": [82, 34], "uv_size": [3, 1]},
								"up": {"uv": [57, 81], "uv_size": [1, 3]},
								"down": {"uv": [78, 84], "uv_size": [1, -3]}
							}
						},
						{
							"origin": [8.8, 6.5, -13.5],
							"size": [1, 1, 3.5],
							"pivot": [9.3, 7, -12],
							"rotation": [0, 0, 45],
							"uv": {
								"north": {"uv": [93, 64], "uv_size": [1, 1]},
								"east": {"uv": [78, 38], "uv_size": [4, 1]},
								"south": {"uv": [93, 66], "uv_size": [1, 1]},
								"west": {"uv": [78, 40], "uv_size": [4, 1]},
								"up": {"uv": [6, 75], "uv_size": [1, 4]},
								"down": {"uv": [78, 46], "uv_size": [1, -4]}
							}
						},
						{
							"origin": [-4.95, 22.25, -13.5],
							"size": [1, 1, 3],
							"pivot": [-4.45, 22.75, -12],
							"rotation": [0, 0, 45],
							"uv": {
								"north": {"uv": [93, 68], "uv_size": [1, 1]},
								"east": {"uv": [82, 36], "uv_size": [3, 1]},
								"south": {"uv": [70, 93], "uv_size": [1, 1]},
								"west": {"uv": [82, 42], "uv_size": [3, 1]},
								"up": {"uv": [82, 51], "uv_size": [1, 3]},
								"down": {"uv": [62, 85], "uv_size": [1, -3]}
							}
						},
						{
							"origin": [4.95, 10, -14],
							"size": [1, 1, 4],
							"pivot": [5.45, 10.5, -12],
							"rotation": [0, 0, -45],
							"uv": {
								"north": {"uv": [93, 70], "uv_size": [1, 1]},
								"east": {"uv": [78, 47], "uv_size": [4, 1]},
								"south": {"uv": [93, 72], "uv_size": [1, 1]},
								"west": {"uv": [78, 49], "uv_size": [4, 1]},
								"up": {"uv": [78, 51], "uv_size": [1, 4]},
								"down": {"uv": [78, 80], "uv_size": [1, -4]}
							}
						},
						{
							"origin": [-5.95, 10, -14],
							"size": [1, 1, 4],
							"pivot": [-5.45, 10.5, -12],
							"rotation": [0, 0, 45],
							"uv": {
								"north": {"uv": [93, 74], "uv_size": [1, 1]},
								"east": {"uv": [78, 56], "uv_size": [4, 1]},
								"south": {"uv": [84, 93], "uv_size": [1, 1]},
								"west": {"uv": [16, 79], "uv_size": [4, 1]},
								"up": {"uv": [26, 79], "uv_size": [1, 4]},
								"down": {"uv": [28, 83], "uv_size": [1, -4]}
							}
						},
						{
							"origin": [-9.8, 6.5, -13.5],
							"size": [1, 1, 3.5],
							"pivot": [-9.3, 7, -12],
							"rotation": [0, 0, -45],
							"uv": {
								"north": {"uv": [93, 92], "uv_size": [1, 1]},
								"east": {"uv": [30, 79], "uv_size": [4, 1]},
								"south": {"uv": [0, 94], "uv_size": [1, 1]},
								"west": {"uv": [80, 8], "uv_size": [4, 1]},
								"up": {"uv": [35, 79], "uv_size": [1, 4]},
								"down": {"uv": [74, 83], "uv_size": [1, -4]}
							}
						},
						{
							"origin": [-0.5, -17.5, -13.5],
							"size": [1, 1, 3],
							"pivot": [0, -17, -12],
							"rotation": [0, 0, -45],
							"uv": {
								"north": {"uv": [2, 94], "uv_size": [1, 1]},
								"east": {"uv": [82, 44], "uv_size": [3, 1]},
								"south": {"uv": [94, 3], "uv_size": [1, 1]},
								"west": {"uv": [80, 82], "uv_size": [3, 1]},
								"up": {"uv": [10, 83], "uv_size": [1, 3]},
								"down": {"uv": [83, 13], "uv_size": [1, -3]}
							}
						},
						{
							"origin": [-0.5, -15.5, -10.75],
							"size": [1, 1, 0.25],
							"pivot": [0, -15, -12],
							"rotation": [0, 0, -45],
							"uv": {
								"east": {"uv": [4, 94], "uv_size": [1, 1]},
								"south": {"uv": [94, 9], "uv_size": [1, 1]},
								"west": {"uv": [94, 11], "uv_size": [1, 1]},
								"up": {"uv": [12, 94], "uv_size": [1, 1]},
								"down": {"uv": [94, 14], "uv_size": [1, -1]}
							}
						},
						{
							"origin": [-0.75, -17.75, -11],
							"size": [1.5, 4, 0.25],
							"uv": {
								"east": {"uv": [76, 79], "uv_size": [1, 4]},
								"south": {"uv": [13, 76], "uv_size": [2, 4]},
								"west": {"uv": [6, 80], "uv_size": [1, 4]},
								"down": {"uv": [14, 87], "uv_size": [2, -1]}
							}
						},
						{
							"origin": [-1, -13.75, -11],
							"size": [2, 2, 1],
							"uv": {
								"east": {"uv": [17, 86], "uv_size": [1, 2]},
								"south": {"uv": [80, 10], "uv_size": [2, 2]},
								"west": {"uv": [19, 86], "uv_size": [1, 2]},
								"up": {"uv": [27, 86], "uv_size": [2, 1]},
								"down": {"uv": [86, 33], "uv_size": [2, -1]}
							}
						},
						{
							"origin": [-5, -19, -13.5],
							"size": [1, 1, 3],
							"pivot": [-4.5, -18.5, -12],
							"rotation": [0, 0, 45],
							"uv": {
								"north": {"uv": [14, 94], "uv_size": [1, 1]},
								"east": {"uv": [83, 25], "uv_size": [3, 1]},
								"south": {"uv": [94, 15], "uv_size": [1, 1]},
								"west": {"uv": [83, 38], "uv_size": [3, 1]},
								"up": {"uv": [83, 46], "uv_size": [1, 3]},
								"down": {"uv": [50, 86], "uv_size": [1, -3]}
							}
						},
						{
							"origin": [4, -19, -13.5],
							"size": [1, 1, 3],
							"pivot": [4.5, -18.5, -12],
							"rotation": [0, 0, -45],
							"uv": {
								"north": {"uv": [94, 17], "uv_size": [1, 1]},
								"east": {"uv": [83, 40], "uv_size": [3, 1]},
								"south": {"uv": [94, 19], "uv_size": [1, 1]},
								"west": {"uv": [52, 83], "uv_size": [3, 1]},
								"up": {"uv": [83, 55], "uv_size": [1, 3]},
								"down": {"uv": [71, 86], "uv_size": [1, -3]}
							}
						},
						{
							"origin": [-7.55, 15.25, -13.5],
							"size": [0.75, 0.75, 3],
							"pivot": [-7.05, 15.75, -12],
							"rotation": [0, 0, -45],
							"uv": {
								"north": {"uv": [22, 94], "uv_size": [1, 1]},
								"east": {"uv": [83, 59], "uv_size": [3, 1]},
								"south": {"uv": [24, 94], "uv_size": [1, 1]},
								"west": {"uv": [83, 65], "uv_size": [3, 1]},
								"up": {"uv": [83, 73], "uv_size": [1, 3]},
								"down": {"uv": [83, 80], "uv_size": [1, -3]}
							}
						},
						{
							"origin": [6.8, 15.25, -13.5],
							"size": [0.75, 0.75, 3],
							"pivot": [7.05, 15.75, -12],
							"rotation": [0, 0, 45],
							"uv": {
								"north": {"uv": [26, 94], "uv_size": [1, 1]},
								"east": {"uv": [0, 84], "uv_size": [3, 1]},
								"south": {"uv": [28, 94], "uv_size": [1, 1]},
								"west": {"uv": [84, 6], "uv_size": [3, 1]},
								"up": {"uv": [4, 84], "uv_size": [1, 3]},
								"down": {"uv": [12, 87], "uv_size": [1, -3]}
							}
						},
						{
							"origin": [-5.92202, 23.27925, -13.25],
							"size": [1.76777, 0.88388, 2.5],
							"pivot": [0, 19.125, -12],
							"rotation": [0, 0, -45],
							"uv": {
								"north": {"uv": [33, 86], "uv_size": [2, 1]},
								"south": {"uv": [86, 34], "uv_size": [2, 1]},
								"up": {"uv": [21, 76], "uv_size": [2, 3]}
							}
						},
						{
							"origin": [4.15425, 23.27925, -13.25],
							"size": [1.76777, 0.88388, 2.5],
							"pivot": [0, 19.125, -12],
							"rotation": [0, 0, 45],
							"uv": {
								"north": {"uv": [36, 86], "uv_size": [2, 1]},
								"south": {"uv": [86, 36], "uv_size": [2, 1]},
								"up": {"uv": [65, 76], "uv_size": [2, 3]}
							}
						},
						{
							"origin": [-5.5, 17.5, -14],
							"size": [11, 1, 3.25],
							"uv": {
								"north": {"uv": [75, 2], "uv_size": [11, 1]},
								"south": {"uv": [75, 4], "uv_size": [11, 1]},
								"up": {"uv": [38, 61], "uv_size": [11, 3]},
								"down": {"uv": [60, 64], "uv_size": [11, -3]}
							}
						},
						{
							"origin": [-6.5, 18.5, -13.25],
							"size": [13, 1.25, 2.5],
							"uv": {
								"north": {"uv": [72, 63], "uv_size": [13, 1]},
								"south": {"uv": [10, 74], "uv_size": [13, 1]},
								"up": {"uv": [60, 21], "uv_size": [13, 3]}
							}
						},
						{
							"origin": [-5.5, 12.25, -13.25],
							"size": [11, 2.25, 2.5],
							"uv": {
								"north": {"uv": [66, 32], "uv_size": [11, 2]},
								"south": {"uv": [66, 35], "uv_size": [11, 2]},
								"up": {"uv": [63, 0], "uv_size": [11, 3]},
								"down": {"uv": [63, 7], "uv_size": [11, -3]}
							}
						},
						{
							"origin": [-7.75, 12.25, -13.25],
							"size": [2.25, 6.25, 2.5],
							"uv": {
								"north": {"uv": [0, 75], "uv_size": [2, 6]},
								"east": {"uv": [66, 38], "uv_size": [3, 6]},
								"south": {"uv": [3, 75], "uv_size": [2, 6]},
								"west": {"uv": [66, 45], "uv_size": [3, 6]},
								"down": {"uv": [68, 79], "uv_size": [2, -3]}
							}
						},
						{
							"origin": [5.5, 12.25, -13.25],
							"size": [2.25, 6.25, 2.5],
							"uv": {
								"north": {"uv": [62, 75], "uv_size": [2, 6]},
								"east": {"uv": [66, 52], "uv_size": [3, 6]},
								"south": {"uv": [10, 76], "uv_size": [2, 6]},
								"west": {"uv": [62, 68], "uv_size": [3, 6]},
								"down": {"uv": [71, 79], "uv_size": [2, -3]}
							}
						},
						{
							"origin": [5.5, 14.5, -14],
							"size": [1, 4, 0.75],
							"uv": {
								"north": {"uv": [21, 80], "uv_size": [1, 4]},
								"east": {"uv": [80, 42], "uv_size": [1, 4]},
								"west": {"uv": [80, 51], "uv_size": [1, 4]},
								"up": {"uv": [30, 94], "uv_size": [1, 1]}
							}
						},
						{
							"origin": [-6.5, 14.5, -14],
							"size": [1, 4, 0.75],
							"uv": {
								"north": {"uv": [65, 80], "uv_size": [1, 4]},
								"east": {"uv": [67, 80], "uv_size": [1, 4]},
								"west": {"uv": [69, 80], "uv_size": [1, 4]},
								"up": {"uv": [32, 94], "uv_size": [1, 1]}
							}
						},
						{
							"origin": [-6.5, 13.5, -14],
							"size": [13, 1, 0.75],
							"uv": {
								"north": {"uv": [74, 21], "uv_size": [13, 1]},
								"east": {"uv": [34, 94], "uv_size": [1, 1]},
								"west": {"uv": [36, 94], "uv_size": [1, 1]},
								"up": {"uv": [74, 23], "uv_size": [13, 1]},
								"down": {"uv": [66, 75], "uv_size": [13, -1]}
							}
						},
						{
							"origin": [-3.52132, 9.49103, -8],
							"size": [7.04263, 2, 2],
							"uv": {
								"north": {"uv": [0, 69], "uv_size": [7, 2]},
								"south": {"uv": [8, 69], "uv_size": [7, 2]},
								"up": {"uv": [16, 69], "uv_size": [7, 2]},
								"down": {"uv": [70, 40], "uv_size": [7, -2]}
							}
						},
						{
							"origin": [-3.6, 9.85, -10.5],
							"size": [1.3, 1.3, 2.5],
							"pivot": [-2.95, 10.5, -9.25],
							"rotation": [0, 0, -45],
							"uv": {
								"east": {"uv": [14, 84], "uv_size": [3, 1]},
								"west": {"uv": [84, 16], "uv_size": [3, 1]},
								"up": {"uv": [23, 84], "uv_size": [1, 3]},
								"down": {"uv": [25, 87], "uv_size": [1, -3]}
							}
						},
						{
							"origin": [2.3, 9.85, -10.5],
							"size": [1.3, 1.3, 2.5],
							"pivot": [2.95, 10.5, -9.25],
							"rotation": [0, 0, 45],
							"uv": {
								"east": {"uv": [27, 84], "uv_size": [3, 1]},
								"west": {"uv": [35, 84], "uv_size": [3, 1]},
								"up": {"uv": [31, 84], "uv_size": [1, 3]},
								"down": {"uv": [39, 87], "uv_size": [1, -3]}
							}
						},
						{
							"origin": [2.05, 6, -8],
							"size": [6.5, 2, 2],
							"pivot": [9.3, 7, -12],
							"rotation": [0, 0, 30],
							"uv": {
								"north": {"uv": [70, 41], "uv_size": [7, 2]},
								"south": {"uv": [70, 44], "uv_size": [7, 2]},
								"west": {"uv": [80, 25], "uv_size": [2, 2]},
								"up": {"uv": [70, 47], "uv_size": [7, 2]},
								"down": {"uv": [70, 52], "uv_size": [7, -2]}
							}
						},
						{
							"origin": [7.55, 6.2, -11],
							"size": [1, 1.6, 3],
							"pivot": [9.3, 7, -12],
							"rotation": [0, 0, 30],
							"uv": {
								"east": {"uv": [76, 65], "uv_size": [3, 2]},
								"west": {"uv": [74, 76], "uv_size": [3, 2]},
								"up": {"uv": [41, 84], "uv_size": [1, 3]},
								"down": {"uv": [84, 53], "uv_size": [1, -3]}
							}
						},
						{
							"origin": [-10.05, 6.2, -11],
							"size": [1.5, 1.6, 0.5],
							"pivot": [-9.3, 7, -12],
							"rotation": [0, 0, -30],
							"uv": {
								"east": {"uv": [86, 42], "uv_size": [1, 2]},
								"south": {"uv": [80, 65], "uv_size": [2, 2]},
								"up": {"uv": [86, 50], "uv_size": [2, 1]},
								"down": {"uv": [86, 53], "uv_size": [2, -1]}
							}
						},
						{
							"origin": [-8.55, 6.2, -11],
							"size": [1, 1.6, 3],
							"pivot": [-9.3, 7, -12],
							"rotation": [0, 0, -30],
							"uv": {
								"east": {"uv": [78, 32], "uv_size": [3, 2]},
								"west": {"uv": [78, 35], "uv_size": [3, 2]},
								"up": {"uv": [84, 67], "uv_size": [1, 3]},
								"down": {"uv": [73, 87], "uv_size": [1, -3]}
							}
						},
						{
							"origin": [-8.55, 6, -8],
							"size": [6.5, 2, 2],
							"pivot": [-9.3, 7, -12],
							"rotation": [0, 0, -30],
							"uv": {
								"north": {"uv": [70, 53], "uv_size": [7, 2]},
								"east": {"uv": [71, 80], "uv_size": [2, 2]},
								"south": {"uv": [70, 56], "uv_size": [7, 2]},
								"up": {"uv": [66, 71], "uv_size": [7, 2]},
								"down": {"uv": [0, 74], "uv_size": [7, -2]}
							}
						},
						{
							"origin": [8.55, 6.2, -11],
							"size": [1.5, 1.6, 0.5],
							"pivot": [9.3, 7, -12],
							"rotation": [0, 0, 30],
							"uv": {
								"south": {"uv": [80, 73], "uv_size": [2, 2]},
								"west": {"uv": [62, 86], "uv_size": [1, 2]},
								"up": {"uv": [86, 63], "uv_size": [2, 1]},
								"down": {"uv": [86, 68], "uv_size": [2, -1]}
							}
						},
						{
							"origin": [-6.5, 9.5, -11],
							"size": [13, 2, 0.5],
							"uv": {
								"east": {"uv": [86, 81], "uv_size": [1, 2]},
								"south": {"uv": [62, 65], "uv_size": [13, 2]},
								"west": {"uv": [86, 84], "uv_size": [1, 2]},
								"up": {"uv": [74, 71], "uv_size": [13, 1]},
								"down": {"uv": [75, 1], "uv_size": [13, -1]}
							}
						},
						{
							"origin": [-3.8, 9.75, -15.2],
							"size": [7.6, 1.5, 0.5],
							"uv": {
								"north": {"uv": [67, 16], "uv_size": [8, 2]},
								"south": {"uv": [66, 68], "uv_size": [8, 2]},
								"up": {"uv": [75, 6], "uv_size": [8, 1]},
								"down": {"uv": [75, 69], "uv_size": [8, -1]}
							}
						},
						{
							"origin": [4.5, 9.75, -15.25526],
							"size": [0.49378, 1.5, 2.25526],
							"pivot": [4.5, 11.25, -13],
							"rotation": [0, 30, 0],
							"uv": {
								"east": {"uv": [80, 76], "uv_size": [2, 2]},
								"west": {"uv": [80, 79], "uv_size": [2, 2]},
								"up": {"uv": [87, 2], "uv_size": [1, 2]},
								"down": {"uv": [87, 10], "uv_size": [1, -2]}
							}
						},
						{
							"origin": [4.5, 9.75, -13.5],
							"size": [2, 1.5, 0.5],
							"uv": {
								"north": {"uv": [13, 81], "uv_size": [2, 2]},
								"west": {"uv": [10, 87], "uv_size": [1, 2]},
								"up": {"uv": [86, 69], "uv_size": [2, 1]},
								"down": {"uv": [87, 19], "uv_size": [2, -1]}
							}
						},
						{
							"origin": [-4.99378, 9.75, -15.25526],
							"size": [0.49378, 1.5, 2.25526],
							"pivot": [-4.5, 11.25, -13],
							"rotation": [0, -30, 0],
							"uv": {
								"east": {"uv": [16, 81], "uv_size": [2, 2]},
								"west": {"uv": [81, 16], "uv_size": [2, 2]},
								"up": {"uv": [87, 25], "uv_size": [1, 2]},
								"down": {"uv": [87, 40], "uv_size": [1, -2]}
							}
						},
						{
							"origin": [-6.5, 9.75, -13.5],
							"size": [2, 1.5, 0.5],
							"uv": {
								"north": {"uv": [30, 81], "uv_size": [2, 2]},
								"east": {"uv": [87, 45], "uv_size": [1, 2]},
								"up": {"uv": [87, 48], "uv_size": [2, 1]},
								"down": {"uv": [87, 55], "uv_size": [2, -1]}
							}
						}
					]
				},
				{
					"name": "light",
					"parent": "VantVM",
					"pivot": [0, -28.1, -12],
					"cubes": [
						{
							"origin": [-8, 4, -15],
							"size": [16, 2, 2],
							"uv": {
								"north": {"uv": [63, 8], "uv_size": [16, 2]},
								"east": {"uv": [37, 81], "uv_size": [2, 2]},
								"west": {"uv": [40, 81], "uv_size": [2, 2]},
								"up": {"uv": [63, 11], "uv_size": [16, 2]},
								"down": {"uv": [63, 27], "uv_size": [16, -2]}
							}
						},
						{
							"origin": [-8, 6, -13.25],
							"size": [16, 3.6, 0.25],
							"uv": {
								"north": {"uv": [50, 16], "uv_size": [16, 4]},
								"east": {"uv": [19, 81], "uv_size": [1, 4]},
								"west": {"uv": [33, 81], "uv_size": [1, 4]},
								"up": {"uv": [66, 59], "uv_size": [16, 1]}
							}
						},
						{
							"origin": [-8, 9.6, -13.25],
							"size": [3.5, 1.75, 0.25],
							"uv": {
								"north": {"uv": [16, 76], "uv_size": [4, 2]},
								"east": {"uv": [50, 87], "uv_size": [1, 2]},
								"west": {"uv": [87, 56], "uv_size": [1, 2]},
								"up": {"uv": [0, 82], "uv_size": [4, 1]}
							}
						},
						{
							"origin": [4.5, 9.6, -13.25],
							"size": [3.5, 1.75, 0.25],
							"uv": {
								"north": {"uv": [76, 16], "uv_size": [4, 2]},
								"east": {"uv": [87, 59], "uv_size": [1, 2]},
								"west": {"uv": [70, 87], "uv_size": [1, 2]},
								"up": {"uv": [82, 19], "uv_size": [4, 1]}
							}
						},
						{
							"origin": [-0.2984, 9, -15.25],
							"size": [0.5968, 0.25, 2],
							"uv": {
								"north": {"uv": [38, 94], "uv_size": [1, 1]},
								"up": {"uv": [87, 73], "uv_size": [1, 2]},
								"down": {"uv": [87, 78], "uv_size": [1, -2]}
							}
						},
						{
							"origin": [-0.2984, 9, -15.25],
							"size": [0.5968, 0.25, 2],
							"pivot": [0, 7.75, -13.375],
							"rotation": [0, 0, -22.5],
							"uv": {
								"north": {"uv": [40, 94], "uv_size": [1, 1]},
								"up": {"uv": [86, 87], "uv_size": [1, 2]},
								"down": {"uv": [0, 90], "uv_size": [1, -2]}
							}
						},
						{
							"origin": [-0.2984, 9, -15.25],
							"size": [0.5968, 0.25, 2],
							"pivot": [0, 7.75, -13.375],
							"rotation": [0, 0, -45],
							"uv": {
								"north": {"uv": [94, 41], "uv_size": [1, 1]},
								"up": {"uv": [2, 88], "uv_size": [1, 2]},
								"down": {"uv": [4, 90], "uv_size": [1, -2]}
							}
						},
						{
							"origin": [-0.2984, 9, -15.25],
							"size": [0.5968, 0.25, 2],
							"pivot": [0, 7.75, -13.375],
							"rotation": [0, 0, -67.5],
							"uv": {
								"north": {"uv": [42, 94], "uv_size": [1, 1]},
								"up": {"uv": [88, 5], "uv_size": [1, 2]},
								"down": {"uv": [88, 13], "uv_size": [1, -2]}
							}
						},
						{
							"origin": [-0.2984, 9, -15.25],
							"size": [0.5968, 0.25, 2],
							"pivot": [0, 7.75, -13.375],
							"rotation": [0, 0, -90],
							"uv": {
								"north": {"uv": [94, 47], "uv_size": [1, 1]},
								"up": {"uv": [12, 88], "uv_size": [1, 2]},
								"down": {"uv": [14, 90], "uv_size": [1, -2]}
							}
						},
						{
							"origin": [-0.2984, 9, -15.25],
							"size": [0.5968, 0.25, 2],
							"pivot": [0, 7.75, -13.375],
							"rotation": [0, 0, -112.5],
							"uv": {
								"north": {"uv": [94, 53], "uv_size": [1, 1]},
								"up": {"uv": [88, 14], "uv_size": [1, 2]},
								"down": {"uv": [88, 22], "uv_size": [1, -2]}
							}
						},
						{
							"origin": [-0.2984, 9, -15.25],
							"size": [0.5968, 0.25, 2],
							"pivot": [0, 7.75, -13.375],
							"rotation": [0, 0, -135],
							"uv": {
								"north": {"uv": [72, 94], "uv_size": [1, 1]},
								"up": {"uv": [23, 88], "uv_size": [1, 2]},
								"down": {"uv": [25, 90], "uv_size": [1, -2]}
							}
						},
						{
							"origin": [-0.2984, 9, -15.25],
							"size": [0.5968, 0.25, 2],
							"pivot": [0, 7.75, -13.375],
							"rotation": [0, 0, -157.5],
							"uv": {
								"north": {"uv": [74, 94], "uv_size": [1, 1]},
								"up": {"uv": [27, 88], "uv_size": [1, 2]},
								"down": {"uv": [29, 90], "uv_size": [1, -2]}
							}
						},
						{
							"origin": [-0.2984, 9, -15.25],
							"size": [0.5968, 0.25, 2],
							"pivot": [0, 7.75, -13.375],
							"rotation": [0, 0, 22.5],
							"uv": {
								"north": {"uv": [94, 76], "uv_size": [1, 1]},
								"up": {"uv": [31, 88], "uv_size": [1, 2]},
								"down": {"uv": [33, 90], "uv_size": [1, -2]}
							}
						},
						{
							"origin": [-0.2984, 9, -15.25],
							"size": [0.5968, 0.25, 2],
							"pivot": [0, 7.75, -13.375],
							"rotation": [0, 0, 45],
							"uv": {
								"north": {"uv": [78, 94], "uv_size": [1, 1]},
								"up": {"uv": [35, 88], "uv_size": [1, 2]},
								"down": {"uv": [37, 90], "uv_size": [1, -2]}
							}
						},
						{
							"origin": [-0.2984, 9, -15.25],
							"size": [0.5968, 0.25, 2],
							"pivot": [0, 7.75, -13.375],
							"rotation": [0, 0, 67.5],
							"uv": {
								"north": {"uv": [94, 78], "uv_size": [1, 1]},
								"up": {"uv": [39, 88], "uv_size": [1, 2]},
								"down": {"uv": [41, 90], "uv_size": [1, -2]}
							}
						},
						{
							"origin": [-0.2984, 9, -15.25],
							"size": [0.5968, 0.25, 2],
							"pivot": [0, 7.75, -13.375],
							"rotation": [0, 0, 90],
							"uv": {
								"north": {"uv": [80, 94], "uv_size": [1, 1]},
								"up": {"uv": [88, 41], "uv_size": [1, 2]},
								"down": {"uv": [72, 90], "uv_size": [1, -2]}
							}
						},
						{
							"origin": [-0.2984, 9, -15.25],
							"size": [0.5968, 0.25, 2],
							"pivot": [0, 7.75, -13.375],
							"rotation": [0, 0, 112.5],
							"uv": {
								"north": {"uv": [94, 80], "uv_size": [1, 1]},
								"up": {"uv": [74, 88], "uv_size": [1, 2]},
								"down": {"uv": [79, 90], "uv_size": [1, -2]}
							}
						},
						{
							"origin": [-0.2984, 9, -15.25],
							"size": [0.5968, 0.25, 2],
							"pivot": [0, 7.75, -13.375],
							"rotation": [0, 0, 135],
							"uv": {
								"north": {"uv": [94, 82], "uv_size": [1, 1]},
								"up": {"uv": [88, 79], "uv_size": [1, 2]},
								"down": {"uv": [81, 90], "uv_size": [1, -2]}
							}
						},
						{
							"origin": [-0.2984, 9, -15.25],
							"size": [0.5968, 0.25, 2],
							"pivot": [0, 7.75, -13.375],
							"rotation": [0, 0, 157.5],
							"uv": {
								"north": {"uv": [94, 84], "uv_size": [1, 1]},
								"up": {"uv": [88, 82], "uv_size": [1, 2]},
								"down": {"uv": [88, 87], "uv_size": [1, -2]}
							}
						},
						{
							"origin": [-0.2984, 9, -15.25],
							"size": [0.5968, 0.25, 2],
							"pivot": [0, 7.75, -13.375],
							"rotation": [0, 0, -180],
							"uv": {
								"north": {"uv": [86, 94], "uv_size": [1, 1]},
								"up": {"uv": [88, 88], "uv_size": [1, 2]},
								"down": {"uv": [89, 2], "uv_size": [1, -2]}
							}
						},
						{
							"origin": [-0.5, 6.5, -15],
							"size": [1, 2.5, 0.25],
							"uv": {
								"north": {"uv": [75, 84], "uv_size": [1, 3]}
							}
						},
						{
							"origin": [-0.5, 6.5, -15],
							"size": [1, 2.5, 0.25],
							"pivot": [0, 7.75, -14.875],
							"rotation": [0, 0, -45],
							"uv": {
								"north": {"uv": [80, 84], "uv_size": [1, 3]}
							}
						},
						{
							"origin": [-0.5, 6.5, -15],
							"size": [1, 2.5, 0.25],
							"pivot": [0, 7.75, -14.875],
							"rotation": [0, 0, -90],
							"uv": {
								"north": {"uv": [84, 81], "uv_size": [1, 3]}
							}
						},
						{
							"origin": [-0.5, 6.5, -15],
							"size": [1, 2.5, 0.25],
							"pivot": [0, 7.75, -14.875],
							"rotation": [0, 0, -135],
							"uv": {
								"north": {"uv": [82, 84], "uv_size": [1, 3]}
							}
						},
						{
							"origin": [2.7, 6.5, -15],
							"size": [1, 2.5, 0.25],
							"pivot": [3.2, 7.75, -14.875],
							"rotation": [0, 0, -135],
							"uv": {
								"north": {"uv": [6, 85], "uv_size": [1, 3]}
							}
						},
						{
							"origin": [2.7, 6.5, -15],
							"size": [1, 2.5, 0.25],
							"pivot": [3.2, 7.75, -14.875],
							"rotation": [0, 0, -90],
							"uv": {
								"north": {"uv": [85, 8], "uv_size": [1, 3]}
							}
						},
						{
							"origin": [2.7, 6.5, -15],
							"size": [1, 2.5, 0.25],
							"pivot": [3.2, 7.75, -14.875],
							"rotation": [0, 0, -45],
							"uv": {
								"north": {"uv": [21, 85], "uv_size": [1, 3]}
							}
						},
						{
							"origin": [2.7, 6.5, -15],
							"size": [1, 2.5, 0.25],
							"uv": {
								"north": {"uv": [85, 46], "uv_size": [1, 3]}
							}
						},
						{
							"origin": [2.9016, 9, -15.25],
							"size": [0.5968, 0.25, 2],
							"pivot": [3.2, 7.75, -13.375],
							"rotation": [0, 0, -180],
							"uv": {
								"north": {"uv": [94, 86], "uv_size": [1, 1]},
								"up": {"uv": [6, 89], "uv_size": [1, 2]},
								"down": {"uv": [8, 91], "uv_size": [1, -2]}
							}
						},
						{
							"origin": [2.9016, 9, -15.25],
							"size": [0.5968, 0.25, 2],
							"pivot": [3.2, 7.75, -13.375],
							"rotation": [0, 0, 157.5],
							"uv": {
								"north": {"uv": [94, 88], "uv_size": [1, 1]},
								"up": {"uv": [89, 8], "uv_size": [1, 2]},
								"down": {"uv": [16, 91], "uv_size": [1, -2]}
							}
						},
						{
							"origin": [2.9016, 9, -15.25],
							"size": [0.5968, 0.25, 2],
							"pivot": [3.2, 7.75, -13.375],
							"rotation": [0, 0, 135],
							"uv": {
								"north": {"uv": [94, 90], "uv_size": [1, 1]},
								"up": {"uv": [18, 89], "uv_size": [1, 2]},
								"down": {"uv": [20, 91], "uv_size": [1, -2]}
							}
						},
						{
							"origin": [2.9016, 9, -15.25],
							"size": [0.5968, 0.25, 2],
							"pivot": [3.2, 7.75, -13.375],
							"rotation": [0, 0, 112.5],
							"uv": {
								"north": {"uv": [93, 94], "uv_size": [1, 1]},
								"up": {"uv": [89, 23], "uv_size": [1, 2]},
								"down": {"uv": [89, 34], "uv_size": [1, -2]}
							}
						},
						{
							"origin": [2.9016, 9, -15.25],
							"size": [0.5968, 0.25, 2],
							"pivot": [3.2, 7.75, -13.375],
							"rotation": [0, 0, 90],
							"uv": {
								"north": {"uv": [95, 0], "uv_size": [1, 1]},
								"up": {"uv": [89, 35], "uv_size": [1, 2]},
								"down": {"uv": [89, 40], "uv_size": [1, -2]}
							}
						},
						{
							"origin": [2.9016, 9, -15.25],
							"size": [0.5968, 0.25, 2],
							"pivot": [3.2, 7.75, -13.375],
							"rotation": [0, 0, 67.5],
							"uv": {
								"north": {"uv": [95, 5], "uv_size": [1, 1]},
								"up": {"uv": [89, 44], "uv_size": [1, 2]},
								"down": {"uv": [89, 52], "uv_size": [1, -2]}
							}
						},
						{
							"origin": [2.9016, 9, -15.25],
							"size": [0.5968, 0.25, 2],
							"pivot": [3.2, 7.75, -13.375],
							"rotation": [0, 0, 45],
							"uv": {
								"north": {"uv": [6, 95], "uv_size": [1, 1]},
								"up": {"uv": [52, 89], "uv_size": [1, 2]},
								"down": {"uv": [54, 91], "uv_size": [1, -2]}
							}
						},
						{
							"origin": [2.9016, 9, -15.25],
							"size": [0.5968, 0.25, 2],
							"pivot": [3.2, 7.75, -13.375],
							"rotation": [0, 0, 22.5],
							"uv": {
								"north": {"uv": [95, 7], "uv_size": [1, 1]},
								"up": {"uv": [56, 89], "uv_size": [1, 2]},
								"down": {"uv": [89, 58], "uv_size": [1, -2]}
							}
						},
						{
							"origin": [2.9016, 9, -15.25],
							"size": [0.5968, 0.25, 2],
							"pivot": [3.2, 7.75, -13.375],
							"rotation": [0, 0, -157.5],
							"uv": {
								"north": {"uv": [8, 95], "uv_size": [1, 1]},
								"up": {"uv": [58, 89], "uv_size": [1, 2]},
								"down": {"uv": [89, 61], "uv_size": [1, -2]}
							}
						},
						{
							"origin": [2.9016, 9, -15.25],
							"size": [0.5968, 0.25, 2],
							"pivot": [3.2, 7.75, -13.375],
							"rotation": [0, 0, -135],
							"uv": {
								"north": {"uv": [16, 95], "uv_size": [1, 1]},
								"up": {"uv": [62, 89], "uv_size": [1, 2]},
								"down": {"uv": [89, 64], "uv_size": [1, -2]}
							}
						},
						{
							"origin": [2.9016, 9, -15.25],
							"size": [0.5968, 0.25, 2],
							"pivot": [3.2, 7.75, -13.375],
							"rotation": [0, 0, -112.5],
							"uv": {
								"north": {"uv": [18, 95], "uv_size": [1, 1]},
								"up": {"uv": [64, 89], "uv_size": [1, 2]},
								"down": {"uv": [89, 67], "uv_size": [1, -2]}
							}
						},
						{
							"origin": [2.9016, 9, -15.25],
							"size": [0.5968, 0.25, 2],
							"pivot": [3.2, 7.75, -13.375],
							"rotation": [0, 0, -90],
							"uv": {
								"north": {"uv": [20, 95], "uv_size": [1, 1]},
								"up": {"uv": [66, 89], "uv_size": [1, 2]},
								"down": {"uv": [68, 91], "uv_size": [1, -2]}
							}
						},
						{
							"origin": [2.9016, 9, -15.25],
							"size": [0.5968, 0.25, 2],
							"pivot": [3.2, 7.75, -13.375],
							"rotation": [0, 0, -67.5],
							"uv": {
								"north": {"uv": [95, 21], "uv_size": [1, 1]},
								"up": {"uv": [89, 68], "uv_size": [1, 2]},
								"down": {"uv": [89, 73], "uv_size": [1, -2]}
							}
						},
						{
							"origin": [2.9016, 9, -15.25],
							"size": [0.5968, 0.25, 2],
							"pivot": [3.2, 7.75, -13.375],
							"rotation": [0, 0, -45],
							"uv": {
								"north": {"uv": [95, 23], "uv_size": [1, 1]},
								"up": {"uv": [89, 74], "uv_size": [1, 2]},
								"down": {"uv": [76, 91], "uv_size": [1, -2]}
							}
						},
						{
							"origin": [2.9016, 9, -15.25],
							"size": [0.5968, 0.25, 2],
							"pivot": [3.2, 7.75, -13.375],
							"rotation": [0, 0, -22.5],
							"uv": {
								"north": {"uv": [95, 25], "uv_size": [1, 1]},
								"up": {"uv": [83, 89], "uv_size": [1, 2]},
								"down": {"uv": [90, 5], "uv_size": [1, -2]}
							}
						},
						{
							"origin": [2.9016, 9, -15.25],
							"size": [0.5968, 0.25, 2],
							"uv": {
								"north": {"uv": [95, 27], "uv_size": [1, 1]},
								"up": {"uv": [10, 90], "uv_size": [1, 2]},
								"down": {"uv": [90, 13], "uv_size": [1, -2]}
							}
						},
						{
							"origin": [5.9, 6.5, -15],
							"size": [1, 2.5, 0.25],
							"pivot": [6.4, 7.75, -14.875],
							"rotation": [0, 0, -135],
							"uv": {
								"north": {"uv": [52, 85], "uv_size": [1, 3]}
							}
						},
						{
							"origin": [5.9, 6.5, -15],
							"size": [1, 2.5, 0.25],
							"pivot": [6.4, 7.75, -14.875],
							"rotation": [0, 0, -90],
							"uv": {
								"north": {"uv": [54, 85], "uv_size": [1, 3]}
							}
						},
						{
							"origin": [5.9, 6.5, -15],
							"size": [1, 2.5, 0.25],
							"pivot": [6.4, 7.75, -14.875],
							"rotation": [0, 0, -45],
							"uv": {
								"north": {"uv": [85, 54], "uv_size": [1, 3]}
							}
						},
						{
							"origin": [5.9, 6.5, -15],
							"size": [1, 2.5, 0.25],
							"uv": {
								"north": {"uv": [56, 85], "uv_size": [1, 3]}
							}
						},
						{
							"origin": [6.1016, 9, -15.25],
							"size": [0.5968, 0.25, 2],
							"pivot": [6.4, 7.75, -13.375],
							"rotation": [0, 0, -180],
							"uv": {
								"north": {"uv": [95, 29], "uv_size": [1, 1]},
								"up": {"uv": [90, 14], "uv_size": [1, 2]},
								"down": {"uv": [90, 19], "uv_size": [1, -2]}
							}
						},
						{
							"origin": [6.1016, 9, -15.25],
							"size": [0.5968, 0.25, 2],
							"pivot": [6.4, 7.75, -13.375],
							"rotation": [0, 0, 157.5],
							"uv": {
								"north": {"uv": [95, 31], "uv_size": [1, 1]},
								"up": {"uv": [90, 20], "uv_size": [1, 2]},
								"down": {"uv": [90, 43], "uv_size": [1, -2]}
							}
						},
						{
							"origin": [6.1016, 9, -15.25],
							"size": [0.5968, 0.25, 2],
							"pivot": [6.4, 7.75, -13.375],
							"rotation": [0, 0, 135],
							"uv": {
								"north": {"uv": [95, 33], "uv_size": [1, 1]},
								"up": {"uv": [90, 47], "uv_size": [1, 2]},
								"down": {"uv": [50, 92], "uv_size": [1, -2]}
							}
						},
						{
							"origin": [6.1016, 9, -15.25],
							"size": [0.5968, 0.25, 2],
							"pivot": [6.4, 7.75, -13.375],
							"rotation": [0, 0, 112.5],
							"uv": {
								"north": {"uv": [95, 35], "uv_size": [1, 1]},
								"up": {"uv": [90, 53], "uv_size": [1, 2]},
								"down": {"uv": [70, 92], "uv_size": [1, -2]}
							}
						},
						{
							"origin": [6.1016, 9, -15.25],
							"size": [0.5968, 0.25, 2],
							"pivot": [6.4, 7.75, -13.375],
							"rotation": [0, 0, 90],
							"uv": {
								"north": {"uv": [95, 37], "uv_size": [1, 1]},
								"up": {"uv": [90, 77], "uv_size": [1, 2]},
								"down": {"uv": [90, 82], "uv_size": [1, -2]}
							}
						},
						{
							"origin": [6.1016, 9, -15.25],
							"size": [0.5968, 0.25, 2],
							"pivot": [6.4, 7.75, -13.375],
							"rotation": [0, 0, 67.5],
							"uv": {
								"north": {"uv": [95, 39], "uv_size": [1, 1]},
								"up": {"uv": [90, 83], "uv_size": [1, 2]},
								"down": {"uv": [85, 92], "uv_size": [1, -2]}
							}
						},
						{
							"origin": [6.1016, 9, -15.25],
							"size": [0.5968, 0.25, 2],
							"pivot": [6.4, 7.75, -13.375],
							"rotation": [0, 0, 45],
							"uv": {
								"north": {"uv": [95, 43], "uv_size": [1, 1]},
								"up": {"uv": [90, 86], "uv_size": [1, 2]},
								"down": {"uv": [90, 91], "uv_size": [1, -2]}
							}
						},
						{
							"origin": [6.1016, 9, -15.25],
							"size": [0.5968, 0.25, 2],
							"pivot": [6.4, 7.75, -13.375],
							"rotation": [0, 0, 22.5],
							"uv": {
								"north": {"uv": [95, 45], "uv_size": [1, 1]},
								"up": {"uv": [0, 91], "uv_size": [1, 2]},
								"down": {"uv": [91, 2], "uv_size": [1, -2]}
							}
						},
						{
							"origin": [6.1016, 9, -15.25],
							"size": [0.5968, 0.25, 2],
							"pivot": [6.4, 7.75, -13.375],
							"rotation": [0, 0, -157.5],
							"uv": {
								"north": {"uv": [48, 95], "uv_size": [1, 1]},
								"up": {"uv": [2, 91], "uv_size": [1, 2]},
								"down": {"uv": [4, 93], "uv_size": [1, -2]}
							}
						},
						{
							"origin": [6.1016, 9, -15.25],
							"size": [0.5968, 0.25, 2],
							"pivot": [6.4, 7.75, -13.375],
							"rotation": [0, 0, -135],
							"uv": {
								"north": {"uv": [95, 49], "uv_size": [1, 1]},
								"up": {"uv": [91, 6], "uv_size": [1, 2]},
								"down": {"uv": [12, 93], "uv_size": [1, -2]}
							}
						},
						{
							"origin": [6.1016, 9, -15.25],
							"size": [0.5968, 0.25, 2],
							"pivot": [6.4, 7.75, -13.375],
							"rotation": [0, 0, -112.5],
							"uv": {
								"north": {"uv": [95, 51], "uv_size": [1, 1]},
								"up": {"uv": [14, 91], "uv_size": [1, 2]},
								"down": {"uv": [22, 93], "uv_size": [1, -2]}
							}
						},
						{
							"origin": [6.1016, 9, -15.25],
							"size": [0.5968, 0.25, 2],
							"pivot": [6.4, 7.75, -13.375],
							"rotation": [0, 0, -90],
							"uv": {
								"north": {"uv": [52, 95], "uv_size": [1, 1]},
								"up": {"uv": [91, 23], "uv_size": [1, 2]},
								"down": {"uv": [24, 93], "uv_size": [1, -2]}
							}
						},
						{
							"origin": [6.1016, 9, -15.25],
							"size": [0.5968, 0.25, 2],
							"pivot": [6.4, 7.75, -13.375],
							"rotation": [0, 0, -67.5],
							"uv": {
								"north": {"uv": [54, 95], "uv_size": [1, 1]},
								"up": {"uv": [26, 91], "uv_size": [1, 2]},
								"down": {"uv": [91, 28], "uv_size": [1, -2]}
							}
						},
						{
							"origin": [6.1016, 9, -15.25],
							"size": [0.5968, 0.25, 2],
							"pivot": [6.4, 7.75, -13.375],
							"rotation": [0, 0, -45],
							"uv": {
								"north": {"uv": [95, 55], "uv_size": [1, 1]},
								"up": {"uv": [28, 91], "uv_size": [1, 2]},
								"down": {"uv": [91, 31], "uv_size": [1, -2]}
							}
						},
						{
							"origin": [6.1016, 9, -15.25],
							"size": [0.5968, 0.25, 2],
							"pivot": [6.4, 7.75, -13.375],
							"rotation": [0, 0, -22.5],
							"uv": {
								"north": {"uv": [56, 95], "uv_size": [1, 1]},
								"up": {"uv": [30, 91], "uv_size": [1, 2]},
								"down": {"uv": [32, 93], "uv_size": [1, -2]}
							}
						},
						{
							"origin": [6.1016, 9, -15.25],
							"size": [0.5968, 0.25, 2],
							"uv": {
								"north": {"uv": [95, 57], "uv_size": [1, 1]},
								"up": {"uv": [91, 32], "uv_size": [1, 2]},
								"down": {"uv": [34, 93], "uv_size": [1, -2]}
							}
						},
						{
							"origin": [-3.7, 6.5, -15],
							"size": [1, 2.5, 0.25],
							"pivot": [-3.2, 7.75, -14.875],
							"rotation": [0, 0, -135],
							"uv": {
								"north": {"uv": [58, 85], "uv_size": [1, 3]}
							}
						},
						{
							"origin": [-3.7, 6.5, -15],
							"size": [1, 2.5, 0.25],
							"pivot": [-3.2, 7.75, -14.875],
							"rotation": [0, 0, -90],
							"uv": {
								"north": {"uv": [64, 85], "uv_size": [1, 3]}
							}
						},
						{
							"origin": [-3.7, 6.5, -15],
							"size": [1, 2.5, 0.25],
							"pivot": [-3.2, 7.75, -14.875],
							"rotation": [0, 0, -45],
							"uv": {
								"north": {"uv": [66, 85], "uv_size": [1, 3]}
							}
						},
						{
							"origin": [-3.7, 6.5, -15],
							"size": [1, 2.5, 0.25],
							"uv": {
								"north": {"uv": [68, 85], "uv_size": [1, 3]}
							}
						},
						{
							"origin": [-3.4984, 9, -15.25],
							"size": [0.5968, 0.25, 2],
							"pivot": [-3.2, 7.75, -13.375],
							"rotation": [0, 0, -180],
							"uv": {
								"north": {"uv": [58, 95], "uv_size": [1, 1]},
								"up": {"uv": [91, 35], "uv_size": [1, 2]},
								"down": {"uv": [36, 93], "uv_size": [1, -2]}
							}
						},
						{
							"origin": [-3.4984, 9, -15.25],
							"size": [0.5968, 0.25, 2],
							"pivot": [-3.2, 7.75, -13.375],
							"rotation": [0, 0, 157.5],
							"uv": {
								"north": {"uv": [95, 59], "uv_size": [1, 1]},
								"up": {"uv": [38, 91], "uv_size": [1, 2]},
								"down": {"uv": [91, 40], "uv_size": [1, -2]}
							}
						},
						{
							"origin": [-3.4984, 9, -15.25],
							"size": [0.5968, 0.25, 2],
							"pivot": [-3.2, 7.75, -13.375],
							"rotation": [0, 0, 135],
							"uv": {
								"north": {"uv": [60, 95], "uv_size": [1, 1]},
								"up": {"uv": [40, 91], "uv_size": [1, 2]},
								"down": {"uv": [42, 93], "uv_size": [1, -2]}
							}
						},
						{
							"origin": [-3.4984, 9, -15.25],
							"size": [0.5968, 0.25, 2],
							"pivot": [-3.2, 7.75, -13.375],
							"rotation": [0, 0, 112.5],
							"uv": {
								"north": {"uv": [95, 61], "uv_size": [1, 1]},
								"up": {"uv": [91, 44], "uv_size": [1, 2]},
								"down": {"uv": [91, 52], "uv_size": [1, -2]}
							}
						},
						{
							"origin": [-3.4984, 9, -15.25],
							"size": [0.5968, 0.25, 2],
							"pivot": [-3.2, 7.75, -13.375],
							"rotation": [0, 0, 90],
							"uv": {
								"north": {"uv": [62, 95], "uv_size": [1, 1]},
								"up": {"uv": [91, 56], "uv_size": [1, 2]},
								"down": {"uv": [91, 61], "uv_size": [1, -2]}
							}
						},
						{
							"origin": [-3.4984, 9, -15.25],
							"size": [0.5968, 0.25, 2],
							"pivot": [-3.2, 7.75, -13.375],
							"rotation": [0, 0, 67.5],
							"uv": {
								"north": {"uv": [95, 63], "uv_size": [1, 1]},
								"up": {"uv": [91, 62], "uv_size": [1, 2]},
								"down": {"uv": [91, 67], "uv_size": [1, -2]}
							}
						},
						{
							"origin": [-3.4984, 9, -15.25],
							"size": [0.5968, 0.25, 2],
							"pivot": [-3.2, 7.75, -13.375],
							"rotation": [0, 0, 45],
							"uv": {
								"north": {"uv": [64, 95], "uv_size": [1, 1]},
								"up": {"uv": [91, 68], "uv_size": [1, 2]},
								"down": {"uv": [91, 73], "uv_size": [1, -2]}
							}
						},
						{
							"origin": [-3.4984, 9, -15.25],
							"size": [0.5968, 0.25, 2],
							"pivot": [-3.2, 7.75, -13.375],
							"rotation": [0, 0, 22.5],
							"uv": {
								"north": {"uv": [95, 65], "uv_size": [1, 1]},
								"up": {"uv": [72, 91], "uv_size": [1, 2]},
								"down": {"uv": [74, 93], "uv_size": [1, -2]}
							}
						},
						{
							"origin": [-3.4984, 9, -15.25],
							"size": [0.5968, 0.25, 2],
							"pivot": [-3.2, 7.75, -13.375],
							"rotation": [0, 0, -157.5],
							"uv": {
								"north": {"uv": [66, 95], "uv_size": [1, 1]},
								"up": {"uv": [91, 74], "uv_size": [1, 2]},
								"down": {"uv": [78, 93], "uv_size": [1, -2]}
							}
						},
						{
							"origin": [-3.4984, 9, -15.25],
							"size": [0.5968, 0.25, 2],
							"pivot": [-3.2, 7.75, -13.375],
							"rotation": [0, 0, -135],
							"uv": {
								"north": {"uv": [95, 67], "uv_size": [1, 1]},
								"up": {"uv": [80, 91], "uv_size": [1, 2]},
								"down": {"uv": [87, 93], "uv_size": [1, -2]}
							}
						},
						{
							"origin": [-3.4984, 9, -15.25],
							"size": [0.5968, 0.25, 2],
							"pivot": [-3.2, 7.75, -13.375],
							"rotation": [0, 0, -112.5],
							"uv": {
								"north": {"uv": [68, 95], "uv_size": [1, 1]},
								"up": {"uv": [92, 3], "uv_size": [1, 2]},
								"down": {"uv": [6, 94], "uv_size": [1, -2]}
							}
						},
						{
							"origin": [-3.4984, 9, -15.25],
							"size": [0.5968, 0.25, 2],
							"pivot": [-3.2, 7.75, -13.375],
							"rotation": [0, 0, -90],
							"uv": {
								"north": {"uv": [95, 69], "uv_size": [1, 1]},
								"up": {"uv": [8, 92], "uv_size": [1, 2]},
								"down": {"uv": [92, 11], "uv_size": [1, -2]}
							}
						},
						{
							"origin": [-3.4984, 9, -15.25],
							"size": [0.5968, 0.25, 2],
							"pivot": [-3.2, 7.75, -13.375],
							"rotation": [0, 0, -67.5],
							"uv": {
								"north": {"uv": [70, 95], "uv_size": [1, 1]},
								"up": {"uv": [92, 12], "uv_size": [1, 2]},
								"down": {"uv": [92, 17], "uv_size": [1, -2]}
							}
						},
						{
							"origin": [-3.4984, 9, -15.25],
							"size": [0.5968, 0.25, 2],
							"pivot": [-3.2, 7.75, -13.375],
							"rotation": [0, 0, -45],
							"uv": {
								"north": {"uv": [95, 71], "uv_size": [1, 1]},
								"up": {"uv": [16, 92], "uv_size": [1, 2]},
								"down": {"uv": [18, 94], "uv_size": [1, -2]}
							}
						},
						{
							"origin": [-3.4984, 9, -15.25],
							"size": [0.5968, 0.25, 2],
							"pivot": [-3.2, 7.75, -13.375],
							"rotation": [0, 0, -22.5],
							"uv": {
								"north": {"uv": [95, 73], "uv_size": [1, 1]},
								"up": {"uv": [92, 18], "uv_size": [1, 2]},
								"down": {"uv": [20, 94], "uv_size": [1, -2]}
							}
						},
						{
							"origin": [-3.4984, 9, -15.25],
							"size": [0.5968, 0.25, 2],
							"uv": {
								"north": {"uv": [76, 95], "uv_size": [1, 1]},
								"up": {"uv": [92, 41], "uv_size": [1, 2]},
								"down": {"uv": [92, 49], "uv_size": [1, -2]}
							}
						},
						{
							"origin": [-6.9, 6.5, -15],
							"size": [1, 2.5, 0.25],
							"pivot": [-6.4, 7.75, -14.875],
							"rotation": [0, 0, -135],
							"uv": {
								"north": {"uv": [85, 73], "uv_size": [1, 3]}
							}
						},
						{
							"origin": [-6.9, 6.5, -15],
							"size": [1, 2.5, 0.25],
							"pivot": [-6.4, 7.75, -14.875],
							"rotation": [0, 0, -90],
							"uv": {
								"north": {"uv": [77, 85], "uv_size": [1, 3]}
							}
						},
						{
							"origin": [-6.9, 6.5, -15],
							"size": [1, 2.5, 0.25],
							"pivot": [-6.4, 7.75, -14.875],
							"rotation": [0, 0, -45],
							"uv": {
								"north": {"uv": [85, 77], "uv_size": [1, 3]}
							}
						},
						{
							"origin": [-6.9, 6.5, -15],
							"size": [1, 2.5, 0.25],
							"uv": {
								"north": {"uv": [84, 85], "uv_size": [1, 3]}
							}
						},
						{
							"origin": [-6.6984, 9, -15.25],
							"size": [0.5968, 0.25, 2],
							"pivot": [-6.4, 7.75, -13.375],
							"rotation": [0, 0, -180],
							"uv": {
								"north": {"uv": [82, 95], "uv_size": [1, 1]},
								"up": {"uv": [52, 92], "uv_size": [1, 2]},
								"down": {"uv": [92, 55], "uv_size": [1, -2]}
							}
						},
						{
							"origin": [-6.6984, 9, -15.25],
							"size": [0.5968, 0.25, 2],
							"pivot": [-6.4, 7.75, -13.375],
							"rotation": [0, 0, 157.5],
							"uv": {
								"north": {"uv": [84, 95], "uv_size": [1, 1]},
								"up": {"uv": [54, 92], "uv_size": [1, 2]},
								"down": {"uv": [56, 94], "uv_size": [1, -2]}
							}
						},
						{
							"origin": [-6.6984, 9, -15.25],
							"size": [0.5968, 0.25, 2],
							"pivot": [-6.4, 7.75, -13.375],
							"rotation": [0, 0, 135],
							"uv": {
								"north": {"uv": [88, 95], "uv_size": [1, 1]},
								"up": {"uv": [58, 92], "uv_size": [1, 2]},
								"down": {"uv": [62, 94], "uv_size": [1, -2]}
							}
						},
						{
							"origin": [-6.6984, 9, -15.25],
							"size": [0.5968, 0.25, 2],
							"pivot": [-6.4, 7.75, -13.375],
							"rotation": [0, 0, 112.5],
							"uv": {
								"north": {"uv": [90, 95], "uv_size": [1, 1]},
								"up": {"uv": [64, 92], "uv_size": [1, 2]},
								"down": {"uv": [66, 94], "uv_size": [1, -2]}
							}
						},
						{
							"origin": [-6.6984, 9, -15.25],
							"size": [0.5968, 0.25, 2],
							"pivot": [-6.4, 7.75, -13.375],
							"rotation": [0, 0, 90],
							"uv": {
								"north": {"uv": [95, 92], "uv_size": [1, 1]},
								"up": {"uv": [68, 92], "uv_size": [1, 2]},
								"down": {"uv": [76, 94], "uv_size": [1, -2]}
							}
						},
						{
							"origin": [-6.6984, 9, -15.25],
							"size": [0.5968, 0.25, 2],
							"pivot": [-6.4, 7.75, -13.375],
							"rotation": [0, 0, 67.5],
							"uv": {
								"north": {"uv": [95, 94], "uv_size": [1, 1]},
								"up": {"uv": [92, 77], "uv_size": [1, 2]},
								"down": {"uv": [92, 82], "uv_size": [1, -2]}
							}
						},
						{
							"origin": [-6.6984, 9, -15.25],
							"size": [0.5968, 0.25, 2],
							"pivot": [-6.4, 7.75, -13.375],
							"rotation": [0, 0, 45],
							"uv": {
								"north": {"uv": [0, 96], "uv_size": [1, 1]},
								"up": {"uv": [82, 92], "uv_size": [1, 2]},
								"down": {"uv": [92, 85], "uv_size": [1, -2]}
							}
						},
						{
							"origin": [-6.6984, 9, -15.25],
							"size": [0.5968, 0.25, 2],
							"pivot": [-6.4, 7.75, -13.375],
							"rotation": [0, 0, 22.5],
							"uv": {
								"north": {"uv": [2, 96], "uv_size": [1, 1]},
								"up": {"uv": [92, 86], "uv_size": [1, 2]},
								"down": {"uv": [89, 94], "uv_size": [1, -2]}
							}
						},
						{
							"origin": [-6.6984, 9, -15.25],
							"size": [0.5968, 0.25, 2],
							"pivot": [-6.4, 7.75, -13.375],
							"rotation": [0, 0, -157.5],
							"uv": {
								"north": {"uv": [96, 2], "uv_size": [1, 1]},
								"up": {"uv": [92, 89], "uv_size": [1, 2]},
								"down": {"uv": [91, 94], "uv_size": [1, -2]}
							}
						},
						{
							"origin": [-6.6984, 9, -15.25],
							"size": [0.5968, 0.25, 2],
							"pivot": [-6.4, 7.75, -13.375],
							"rotation": [0, 0, -135],
							"uv": {
								"north": {"uv": [4, 96], "uv_size": [1, 1]},
								"up": {"uv": [93, 0], "uv_size": [1, 2]},
								"down": {"uv": [93, 8], "uv_size": [1, -2]}
							}
						},
						{
							"origin": [-6.6984, 9, -15.25],
							"size": [0.5968, 0.25, 2],
							"pivot": [-6.4, 7.75, -13.375],
							"rotation": [0, 0, -112.5],
							"uv": {
								"north": {"uv": [96, 9], "uv_size": [1, 1]},
								"up": {"uv": [10, 93], "uv_size": [1, 2]},
								"down": {"uv": [93, 23], "uv_size": [1, -2]}
							}
						},
						{
							"origin": [-6.6984, 9, -15.25],
							"size": [0.5968, 0.25, 2],
							"pivot": [-6.4, 7.75, -13.375],
							"rotation": [0, 0, -90],
							"uv": {
								"north": {"uv": [10, 96], "uv_size": [1, 1]},
								"up": {"uv": [93, 24], "uv_size": [1, 2]},
								"down": {"uv": [93, 29], "uv_size": [1, -2]}
							}
						},
						{
							"origin": [-6.6984, 9, -15.25],
							"size": [0.5968, 0.25, 2],
							"pivot": [-6.4, 7.75, -13.375],
							"rotation": [0, 0, -67.5],
							"uv": {
								"north": {"uv": [96, 11], "uv_size": [1, 1]},
								"up": {"uv": [93, 30], "uv_size": [1, 2]},
								"down": {"uv": [93, 35], "uv_size": [1, -2]}
							}
						},
						{
							"origin": [-6.6984, 9, -15.25],
							"size": [0.5968, 0.25, 2],
							"pivot": [-6.4, 7.75, -13.375],
							"rotation": [0, 0, -45],
							"uv": {
								"north": {"uv": [12, 96], "uv_size": [1, 1]},
								"up": {"uv": [93, 36], "uv_size": [1, 2]},
								"down": {"uv": [93, 46], "uv_size": [1, -2]}
							}
						},
						{
							"origin": [-6.6984, 9, -15.25],
							"size": [0.5968, 0.25, 2],
							"pivot": [-6.4, 7.75, -13.375],
							"rotation": [0, 0, -22.5],
							"uv": {
								"north": {"uv": [96, 13], "uv_size": [1, 1]},
								"up": {"uv": [50, 93], "uv_size": [1, 2]},
								"down": {"uv": [93, 52], "uv_size": [1, -2]}
							}
						},
						{
							"origin": [-6.6984, 9, -15.25],
							"size": [0.5968, 0.25, 2],
							"uv": {
								"north": {"uv": [14, 96], "uv_size": [1, 1]},
								"up": {"uv": [93, 56], "uv_size": [1, 2]},
								"down": {"uv": [93, 61], "uv_size": [1, -2]}
							}
						}
					]
				},
				{
					"name": "lower",
					"parent": "VantVM",
					"pivot": [0, -20.5, -11.75],
					"cubes": [
						{
							"origin": [-7, -21, -12.25],
							"size": [14, 1, 1],
							"uv": {
								"north": {"uv": [67, 19], "uv_size": [14, 1]},
								"east": {"uv": [96, 15], "uv_size": [1, 1]},
								"south": {"uv": [8, 72], "uv_size": [14, 1]},
								"west": {"uv": [96, 17], "uv_size": [1, 1]},
								"up": {"uv": [72, 61], "uv_size": [14, 1]}
							}
						},
						{
							"origin": [-12, -35, -12.25],
							"size": [24, 14, 1],
							"uv": {
								"north": {"uv": [26, 31], "uv_size": [24, 14]},
								"east": {"uv": [24, 69], "uv_size": [1, 14]},
								"south": {"uv": [26, 46], "uv_size": [24, 14]},
								"west": {"uv": [8, 74], "uv_size": [1, 14]},
								"up": {"uv": [66, 28], "uv_size": [24, 1]},
								"down": {"uv": [66, 31], "uv_size": [24, -1]}
							}
						}
					]
				}
			]
		}
	]
}