{
	"format_version": "1.12.0",
	"minecraft:geometry": [
		{
			"description": {
				"identifier": "geometry.sight_eotech_eflx",
				"texture_width": 16,
				"texture_height": 16,
				"visible_bounds_width": 22,
				"visible_bounds_height": 10,
				"visible_bounds_offset": [0, 0, 0]
			},
			"bones": [
				{
					"name": "scope_view",
					"pivot": [0, 0.7628, 7.25]
				},
				{
					"name": "division",
					"pivot": [0, 0, 0]
				},
				{
					"name": "crosshair_illuminated",
					"parent": "division",
					"pivot": [0, 0, 0],
					"cubes": [
						{
							"origin": [-0.03533, 0.72753, -10.02],
							"size": [0.0707, 0.0707, 0.025],
							"pivot": [0.00002, 0.7628, -0.02],
							"rotation": [0, 0, 45],
							"uv": {
								"south": {"uv": [15, 8], "uv_size": [1, 1]}
							}
						}
					]
				},
				{
					"name": "ocular",
					"pivot": [0, 1.12893, -2.11201],
					"cubes": [
						{
							"origin": [-0.65, 0.29143, -2.14201],
							"size": [1.3, 0.9, 0.02],
							"pivot": [0, 0.74143, -2.13201],
							"rotation": [-10, 0, 0],
							"uv": {
								"south": {"uv": [5, 2], "uv_size": [1, 1]}
							}
						}
					]
				},
				{
					"name": "scope_body",
					"pivot": [0, 0, 0]
				},
				{
					"name": "EOTech_EFLX",
					"parent": "scope_body",
					"pivot": [0, -3.525, 3.3],
					"cubes": [
						{
							"origin": [-0.75, 0, -2.17],
							"size": [1.5, 0.3, 1.2],
							"uv": {
								"east": {"uv": [5, 7], "uv_size": [1, 1]},
								"west": {"uv": [7, 5], "uv_size": [1, 1]},
								"up": {"uv": [4, 3], "uv_size": [2, 1]},
								"down": {"uv": [4, 5], "uv_size": [2, -1]}
							}
						},
						{
							"origin": [0.75, 0.125, -2.07],
							"size": [0.05, 0.375, 0.75],
							"uv": {
								"north": {"uv": [6, 7], "uv_size": [1, 1]},
								"east": {"uv": [7, 6], "uv_size": [1, 1]},
								"south": {"uv": [7, 7], "uv_size": [1, 1]},
								"west": {"uv": [0, 8], "uv_size": [1, 1]},
								"up": {"uv": [8, 0], "uv_size": [1, 1]},
								"down": {"uv": [1, 9], "uv_size": [1, -1]}
							}
						},
						{
							"origin": [-0.16106, 1.40599, -2.17],
							"size": [0.1414, 0.1414, 0.6],
							"pivot": [0, 0.64781, 1.8175],
							"rotation": [0, 0, -45],
							"uv": {
								"north": {"uv": [8, 1], "uv_size": [1, 1]},
								"south": {"uv": [2, 8], "uv_size": [1, 1]},
								"up": {"uv": [8, 2], "uv_size": [1, 1]},
								"down": {"uv": [3, 9], "uv_size": [1, -1]}
							}
						},
						{
							"origin": [0.01966, 1.40599, -2.17],
							"size": [0.1414, 0.1414, 0.6],
							"pivot": [0, 0.64781, -1.1825],
							"rotation": [0, 0, 45],
							"uv": {
								"north": {"uv": [8, 3], "uv_size": [1, 1]},
								"south": {"uv": [4, 8], "uv_size": [1, 1]},
								"up": {"uv": [8, 4], "uv_size": [1, 1]},
								"down": {"uv": [5, 9], "uv_size": [1, -1]}
							}
						},
						{
							"origin": [-0.65, 1.17, -2.17],
							"size": [1.3, 0.1, 0.6],
							"uv": {
								"north": {"uv": [8, 5], "uv_size": [1, 1]},
								"south": {"uv": [6, 8], "uv_size": [1, 1]},
								"up": {"uv": [8, 6], "uv_size": [1, 1]},
								"down": {"uv": [7, 9], "uv_size": [1, -1]}
							}
						},
						{
							"origin": [0.65, 0.10834, -2.24562],
							"size": [0.1, 0.88283, 0.175],
							"pivot": [0, 0.64839, -1.1858],
							"rotation": [-10, 0, 0],
							"uv": {
								"north": {"uv": [8, 7], "uv_size": [1, 1]},
								"east": {"uv": [8, 8], "uv_size": [1, 1]},
								"west": {"uv": [0, 9], "uv_size": [1, 1]},
								"up": {"uv": [9, 0], "uv_size": [1, 1]}
							}
						},
						{
							"origin": [0.65, 0.3, -2.17],
							"size": [0.1, 0.87, 0.6],
							"uv": {
								"east": {"uv": [1, 9], "uv_size": [1, 1]},
								"south": {"uv": [9, 1], "uv_size": [1, 1]},
								"west": {"uv": [2, 9], "uv_size": [1, 1]},
								"up": {"uv": [9, 2], "uv_size": [1, 1]}
							}
						},
						{
							"origin": [0.65, 0.14188, -1.67673],
							"size": [0.1, 0.445, 0.5],
							"pivot": [0, 0.64781, -1.1825],
							"rotation": [-45, 0, 0],
							"uv": {
								"east": {"uv": [3, 9], "uv_size": [1, 1]},
								"west": {"uv": [9, 3], "uv_size": [1, 1]},
								"up": {"uv": [4, 9], "uv_size": [1, 1]}
							}
						},
						{
							"origin": [0.65, 0.3, -1.57],
							"size": [0.1, 0.3, 0.6],
							"uv": {
								"east": {"uv": [9, 4], "uv_size": [1, 1]},
								"west": {"uv": [5, 9], "uv_size": [1, 1]},
								"up": {"uv": [9, 5], "uv_size": [1, 1]}
							}
						},
						{
							"origin": [0.67913, 0.475, -1.15776],
							"size": [0.1, 0.125, 0.075],
							"pivot": [0, 0.64781, -1.1825],
							"rotation": [0, -14, 0],
							"uv": {
								"east": {"uv": [6, 9], "uv_size": [1, 1]},
								"west": {"uv": [9, 6], "uv_size": [1, 1]},
								"up": {"uv": [7, 9], "uv_size": [1, 1]}
							}
						},
						{
							"origin": [0.67913, 0, -1.15776],
							"size": [0.1, 0.475, 0.4],
							"pivot": [0, 0.64781, -1.1825],
							"rotation": [0, -14, 0],
							"uv": {
								"east": {"uv": [9, 7], "uv_size": [1, 1]},
								"west": {"uv": [8, 9], "uv_size": [1, 1]},
								"down": {"uv": [9, 9], "uv_size": [1, -1]}
							}
						},
						{
							"origin": [0.67913, 0.51392, -1.07225],
							"size": [0.1, 0.125, 0.35],
							"pivot": [0, 0.64781, -1.1825],
							"rotation": [-21, -14, 0],
							"uv": {
								"east": {"uv": [9, 9], "uv_size": [1, 1]},
								"west": {"uv": [0, 10], "uv_size": [1, 1]},
								"up": {"uv": [10, 0], "uv_size": [1, 1]}
							}
						},
						{
							"origin": [-0.75, 0.10834, -2.24562],
							"size": [0.1, 0.88283, 0.175],
							"pivot": [0, 0.64839, -1.1858],
							"rotation": [-10, 0, 0],
							"uv": {
								"north": {"uv": [1, 10], "uv_size": [1, 1]},
								"east": {"uv": [10, 1], "uv_size": [1, 1]},
								"west": {"uv": [2, 10], "uv_size": [1, 1]},
								"up": {"uv": [10, 2], "uv_size": [1, 1]}
							}
						},
						{
							"origin": [-0.75, 0.3, -1.57],
							"size": [0.1, 0.3, 0.6],
							"uv": {
								"east": {"uv": [3, 10], "uv_size": [1, 1]},
								"west": {"uv": [10, 3], "uv_size": [1, 1]},
								"up": {"uv": [4, 10], "uv_size": [1, 1]}
							}
						},
						{
							"origin": [-0.77913, 0.475, -1.15775],
							"size": [0.1, 0.125, 0.075],
							"pivot": [0, 0.64781, -1.1825],
							"rotation": [0, 14, 0],
							"uv": {
								"north": {"uv": [10, 4], "uv_size": [1, 1]},
								"east": {"uv": [5, 10], "uv_size": [1, 1]},
								"south": {"uv": [10, 5], "uv_size": [1, 1]},
								"west": {"uv": [6, 10], "uv_size": [1, 1]},
								"up": {"uv": [10, 6], "uv_size": [1, 1]},
								"down": {"uv": [7, 11], "uv_size": [1, -1]}
							}
						},
						{
							"origin": [-0.77914, 0.51392, -1.07224],
							"size": [0.1, 0.125, 0.35],
							"pivot": [0, 0.64781, -1.1825],
							"rotation": [-21, 14, 0],
							"uv": {
								"north": {"uv": [10, 7], "uv_size": [1, 1]},
								"east": {"uv": [8, 10], "uv_size": [1, 1]},
								"south": {"uv": [10, 8], "uv_size": [1, 1]},
								"west": {"uv": [9, 10], "uv_size": [1, 1]},
								"up": {"uv": [10, 9], "uv_size": [1, 1]},
								"down": {"uv": [10, 11], "uv_size": [1, -1]}
							}
						},
						{
							"origin": [-0.77913, 0, -1.15775],
							"size": [0.1, 0.475, 0.4],
							"pivot": [0, 0.64781, -1.1825],
							"rotation": [0, 14, 0],
							"uv": {
								"east": {"uv": [0, 11], "uv_size": [1, 1]},
								"west": {"uv": [11, 0], "uv_size": [1, 1]},
								"down": {"uv": [1, 12], "uv_size": [1, -1]}
							}
						},
						{
							"origin": [-0.5175, 0.3, -1.6825],
							"size": [0.41, 0.05, 1],
							"pivot": [0, 0.64781, -1.1825],
							"rotation": [0, -90, 0],
							"uv": {
								"north": {"uv": [11, 1], "uv_size": [1, 1]},
								"south": {"uv": [2, 11], "uv_size": [1, 1]},
								"up": {"uv": [11, 2], "uv_size": [1, 1]}
							}
						},
						{
							"origin": [-0.42957, 0.3, -1.46004],
							"size": [0.41719, 0.05, 0.99702],
							"pivot": [0, 0.64781, -1.1825],
							"rotation": [0, -135, 0],
							"uv": {
								"north": {"uv": [3, 11], "uv_size": [1, 1]},
								"south": {"uv": [11, 3], "uv_size": [1, 1]},
								"up": {"uv": [4, 11], "uv_size": [1, 1]}
							}
						},
						{
							"origin": [-0.42957, 0.3, -1.90198],
							"size": [0.41719, 0.05, 0.99702],
							"pivot": [0, 0.64781, -1.1825],
							"rotation": [0, -45, 0],
							"uv": {
								"north": {"uv": [11, 4], "uv_size": [1, 1]},
								"south": {"uv": [5, 11], "uv_size": [1, 1]},
								"up": {"uv": [11, 5], "uv_size": [1, 1]}
							}
						},
						{
							"origin": [-0.205, 0.3, -1.995],
							"size": [0.41, 0.05, 1],
							"uv": {
								"north": {"uv": [6, 11], "uv_size": [1, 1]},
								"south": {"uv": [11, 6], "uv_size": [1, 1]},
								"up": {"uv": [7, 11], "uv_size": [1, 1]}
							}
						},
						{
							"origin": [-0.75, 0.01163, -2.2473],
							"size": [1.5, 0.1, 0.175],
							"pivot": [0, 0.65168, -1.18748],
							"rotation": [-10, 0, 0],
							"uv": {
								"north": {"uv": [5, 0], "uv_size": [2, 1]},
								"east": {"uv": [11, 7], "uv_size": [1, 1]},
								"west": {"uv": [8, 11], "uv_size": [1, 1]},
								"up": {"uv": [1, 5], "uv_size": [2, 1]},
								"down": {"uv": [5, 2], "uv_size": [2, -1]}
							}
						},
						{
							"origin": [0.19493, 0.275, -1.20598],
							"size": [0.15, 0.175, 0.15],
							"pivot": [0.725, 0.72281, -1.2325],
							"rotation": [0, 45, 0],
							"uv": {
								"north": {"uv": [11, 8], "uv_size": [1, 1]},
								"east": {"uv": [9, 11], "uv_size": [1, 1]},
								"south": {"uv": [11, 9], "uv_size": [1, 1]},
								"west": {"uv": [10, 11], "uv_size": [1, 1]},
								"up": {"uv": [11, 10], "uv_size": [1, 1]}
							}
						},
						{
							"origin": [-0.75507, 0.275, -1.20598],
							"size": [0.15, 0.175, 0.15],
							"pivot": [-0.225, 0.72281, -1.2325],
							"rotation": [0, 45, 0],
							"uv": {
								"north": {"uv": [11, 11], "uv_size": [1, 1]},
								"east": {"uv": [0, 12], "uv_size": [1, 1]},
								"south": {"uv": [12, 0], "uv_size": [1, 1]},
								"west": {"uv": [1, 12], "uv_size": [1, 1]},
								"up": {"uv": [12, 1], "uv_size": [1, 1]}
							}
						},
						{
							"origin": [-1.21092, 0, -0.8934],
							"size": [0.075, 0.475, 0.144],
							"pivot": [0, 0.64781, -1.1825],
							"rotation": [0, 45, 0],
							"uv": {
								"north": {"uv": [2, 12], "uv_size": [1, 1]},
								"east": {"uv": [12, 2], "uv_size": [1, 1]},
								"up": {"uv": [3, 12], "uv_size": [1, 1]},
								"down": {"uv": [12, 4], "uv_size": [1, -1]}
							}
						},
						{
							"origin": [-0.55, 0, -0.12],
							"size": [1.1, 0.475, 0.1],
							"uv": {
								"south": {"uv": [4, 12], "uv_size": [1, 1]},
								"up": {"uv": [12, 4], "uv_size": [1, 1]},
								"down": {"uv": [5, 13], "uv_size": [1, -1]}
							}
						},
						{
							"origin": [-0.65, 0, -0.97],
							"size": [1.3, 0.3, 0.275],
							"uv": {
								"down": {"uv": [12, 6], "uv_size": [1, -1]}
							}
						},
						{
							"origin": [1.1536, 0, -1.49186],
							"size": [0.075, 0.3, 0.144],
							"pivot": [0, 0.64781, -1.1825],
							"rotation": [0, 45, 0],
							"uv": {
								"west": {"uv": [6, 12], "uv_size": [1, 1]},
								"up": {"uv": [12, 6], "uv_size": [1, 1]},
								"down": {"uv": [7, 13], "uv_size": [1, -1]}
							}
						},
						{
							"origin": [-1.2286, 0, -1.49186],
							"size": [0.075, 0.3, 0.144],
							"pivot": [0, 0.64781, -1.1825],
							"rotation": [0, -45, 0],
							"uv": {
								"east": {"uv": [12, 7], "uv_size": [1, 1]},
								"up": {"uv": [8, 12], "uv_size": [1, 1]},
								"down": {"uv": [12, 9], "uv_size": [1, -1]}
							}
						},
						{
							"origin": [-0.65, 0, -2.27],
							"size": [1.3, 0.3, 0.1],
							"uv": {
								"north": {"uv": [9, 12], "uv_size": [1, 1]},
								"east": {"uv": [12, 9], "uv_size": [1, 1]},
								"south": {"uv": [10, 12], "uv_size": [1, 1]},
								"west": {"uv": [12, 10], "uv_size": [1, 1]},
								"up": {"uv": [11, 12], "uv_size": [1, 1]},
								"down": {"uv": [12, 12], "uv_size": [1, -1]}
							}
						},
						{
							"origin": [-0.65, 0, -0.695],
							"size": [1.3, 0.475, 0.575],
							"uv": {
								"east": {"uv": [12, 12], "uv_size": [1, 1]},
								"west": {"uv": [0, 13], "uv_size": [1, 1]},
								"up": {"uv": [13, 0], "uv_size": [1, 1]},
								"down": {"uv": [1, 14], "uv_size": [1, -1]}
							}
						},
						{
							"origin": [1.13592, 0, -0.8934],
							"size": [0.075, 0.475, 0.144],
							"pivot": [0, 0.64781, -1.1825],
							"rotation": [0, -45, 0],
							"uv": {
								"north": {"uv": [13, 1], "uv_size": [1, 1]},
								"west": {"uv": [2, 13], "uv_size": [1, 1]},
								"up": {"uv": [13, 2], "uv_size": [1, 1]},
								"down": {"uv": [3, 14], "uv_size": [1, -1]}
							}
						},
						{
							"origin": [-0.7, 0.175, -0.54499],
							"size": [1.4, 0.2, 0.2],
							"pivot": [0, 0.275, -0.44499],
							"rotation": [-45, 0, 0],
							"uv": {
								"north": {"uv": [13, 3], "uv_size": [1, 1]},
								"east": {"uv": [4, 13], "uv_size": [1, 1]},
								"south": {"uv": [13, 4], "uv_size": [1, 1]},
								"west": {"uv": [5, 13], "uv_size": [1, 1]},
								"up": {"uv": [13, 5], "uv_size": [1, 1]},
								"down": {"uv": [6, 14], "uv_size": [1, -1]}
							}
						},
						{
							"origin": [0.58059, 0.475, -0.60191],
							"size": [0.2, 0.025, 0.2],
							"pivot": [0, 0.64781, -1.1825],
							"rotation": [0, -45, 0],
							"uv": {
								"north": {"uv": [13, 6], "uv_size": [1, 1]},
								"east": {"uv": [7, 13], "uv_size": [1, 1]},
								"south": {"uv": [13, 7], "uv_size": [1, 1]},
								"west": {"uv": [8, 13], "uv_size": [1, 1]},
								"up": {"uv": [13, 8], "uv_size": [1, 1]}
							}
						},
						{
							"origin": [-0.25, 0.2, -0.895],
							"size": [0.5, 0.275, 0.2],
							"uv": {
								"north": {"uv": [9, 13], "uv_size": [1, 1]},
								"east": {"uv": [13, 9], "uv_size": [1, 1]},
								"south": {"uv": [10, 13], "uv_size": [1, 1]},
								"west": {"uv": [13, 10], "uv_size": [1, 1]},
								"up": {"uv": [11, 13], "uv_size": [1, 1]},
								"down": {"uv": [13, 12], "uv_size": [1, -1]}
							}
						},
						{
							"origin": [-0.66807, 0.2, -1.15598],
							"size": [0.288, 0.275, 0.15],
							"pivot": [0, 0.64781, -1.1825],
							"rotation": [0, 45, 0],
							"uv": {
								"north": {"uv": [12, 13], "uv_size": [1, 1]},
								"east": {"uv": [13, 12], "uv_size": [1, 1]},
								"south": {"uv": [13, 13], "uv_size": [1, 1]},
								"west": {"uv": [0, 14], "uv_size": [1, 1]},
								"up": {"uv": [14, 0], "uv_size": [1, 1]},
								"down": {"uv": [1, 15], "uv_size": [1, -1]}
							}
						},
						{
							"origin": [0.38007, 0.2, -1.15598],
							"size": [0.288, 0.275, 0.15],
							"pivot": [0, 0.64781, -1.1825],
							"rotation": [0, -45, 0],
							"uv": {
								"north": {"uv": [14, 1], "uv_size": [1, 1]},
								"east": {"uv": [2, 14], "uv_size": [1, 1]},
								"south": {"uv": [14, 2], "uv_size": [1, 1]},
								"west": {"uv": [3, 14], "uv_size": [1, 1]},
								"up": {"uv": [14, 3], "uv_size": [1, 1]},
								"down": {"uv": [4, 15], "uv_size": [1, -1]}
							}
						},
						{
							"origin": [-0.65, 0.19035, -1.17237],
							"size": [1.3, 0.05, 0.325],
							"pivot": [0, 0.64781, -1.1825],
							"rotation": [30, 0, 0],
							"uv": {
								"north": {"uv": [14, 4], "uv_size": [1, 1]},
								"east": {"uv": [5, 14], "uv_size": [1, 1]},
								"south": {"uv": [14, 5], "uv_size": [1, 1]},
								"west": {"uv": [6, 14], "uv_size": [1, 1]},
								"up": {"uv": [14, 6], "uv_size": [1, 1]},
								"down": {"uv": [7, 15], "uv_size": [1, -1]}
							}
						},
						{
							"origin": [-0.75, 0.14188, -1.67673],
							"size": [0.1, 0.445, 0.5],
							"pivot": [0, 0.64781, -1.1825],
							"rotation": [-45, 0, 0],
							"uv": {
								"east": {"uv": [14, 7], "uv_size": [1, 1]},
								"west": {"uv": [8, 14], "uv_size": [1, 1]},
								"up": {"uv": [14, 8], "uv_size": [1, 1]}
							}
						},
						{
							"origin": [-0.75, 0.3, -2.17],
							"size": [0.1, 0.87, 0.6],
							"uv": {
								"east": {"uv": [9, 14], "uv_size": [1, 1]},
								"south": {"uv": [14, 9], "uv_size": [1, 1]},
								"west": {"uv": [10, 14], "uv_size": [1, 1]},
								"up": {"uv": [14, 10], "uv_size": [1, 1]}
							}
						}
					]
				}
			]
		}
	]
}