{
	"format_version": "1.12.0",
	"minecraft:geometry": [
		{
			"description": {
				"identifier": "geometry.sight_eotech_eflx_scorpion",
				"texture_width": 16,
				"texture_height": 16,
				"visible_bounds_width": 22,
				"visible_bounds_height": 10,
				"visible_bounds_offset": [0, 0, 0]
			},
			"bones": [
				{
					"name": "scope_view",
					"pivot": [0, 1.125, 7.25]
				},
				{
					"name": "division",
					"pivot": [0, 0, 0]
				},
				{
					"name": "crosshair_illuminated",
					"parent": "division",
					"pivot": [0.00008, 1.13786, -10.0075],
					"cubes": [
						{
							"origin": [-0.03535, 1.0897, -10.02],
							"size": [0.0707, 0.0707, 0.025],
							"pivot": [0, 1.12505, -10.0075],
							"rotation": [0, 0, 45],
							"uv": {
								"south": {"uv": [4, 3], "uv_size": [1, 1]}
							}
						}
					]
				},
				{
					"name": "ocular",
					"pivot": [0, 1.12893, -2.11201],
					"cubes": [
						{
							"origin": [-0.75, 0.5751, -0.95177],
							"size": [1.4, 0.88264, 0],
							"pivot": [0, 1.0251, -0.84329],
							"rotation": [-10, 0, 0],
							"uv": {
								"south": {"uv": [4, 4], "uv_size": [1, 1]}
							}
						}
					]
				},
				{
					"name": "scope_body",
					"pivot": [0, 6.1, 5]
				},
				{
					"name": "EOTech_EFLX",
					"parent": "scope_body",
					"pivot": [0, 8.1, 12.1],
					"cubes": [
						{
							"origin": [-0.75, 0.3, -0.975],
							"size": [1.5, 0.3, 1.2],
							"uv": {
								"east": {"uv": [0, 5], "uv_size": [1, 1]},
								"west": {"uv": [1, 5], "uv_size": [1, 1]},
								"up": {"uv": [0, 0], "uv_size": [2, 1]},
								"down": {"uv": [0, 2], "uv_size": [2, -1]}
							}
						},
						{
							"origin": [0.75, 0.425, -0.875],
							"size": [0.05, 0.375, 0.75],
							"uv": {
								"north": {"uv": [2, 5], "uv_size": [1, 1]},
								"east": {"uv": [3, 5], "uv_size": [1, 1]},
								"south": {"uv": [5, 3], "uv_size": [1, 1]},
								"west": {"uv": [4, 5], "uv_size": [1, 1]},
								"up": {"uv": [5, 4], "uv_size": [1, 1]},
								"down": {"uv": [5, 6], "uv_size": [1, -1]}
							}
						},
						{
							"origin": [-0.16106, 1.70599, -0.975],
							"size": [0.1414, 0.1414, 0.6],
							"pivot": [0, 0.94781, 3.0125],
							"rotation": [0, 0, -45],
							"uv": {
								"north": {"uv": [0, 6], "uv_size": [1, 1]},
								"south": {"uv": [6, 0], "uv_size": [1, 1]},
								"up": {"uv": [1, 6], "uv_size": [1, 1]},
								"down": {"uv": [6, 2], "uv_size": [1, -1]}
							}
						},
						{
							"origin": [0.01966, 1.70599, -0.975],
							"size": [0.1414, 0.1414, 0.6],
							"pivot": [0, 0.94781, 0.0125],
							"rotation": [0, 0, 45],
							"uv": {
								"north": {"uv": [2, 6], "uv_size": [1, 1]},
								"south": {"uv": [6, 2], "uv_size": [1, 1]},
								"up": {"uv": [3, 6], "uv_size": [1, 1]},
								"down": {"uv": [6, 4], "uv_size": [1, -1]}
							}
						},
						{
							"origin": [-0.65, 1.47, -0.975],
							"size": [1.3, 0.1, 0.6],
							"uv": {
								"north": {"uv": [4, 6], "uv_size": [1, 1]},
								"south": {"uv": [6, 4], "uv_size": [1, 1]},
								"up": {"uv": [5, 6], "uv_size": [1, 1]},
								"down": {"uv": [6, 6], "uv_size": [1, -1]}
							}
						},
						{
							"origin": [0.65, 0.40834, -1.05062],
							"size": [0.1, 0.88283, 0.175],
							"pivot": [0, 0.94839, 0.0092],
							"rotation": [-10, 0, 0],
							"uv": {
								"north": {"uv": [6, 6], "uv_size": [1, 1]},
								"east": {"uv": [0, 7], "uv_size": [1, 1]},
								"west": {"uv": [7, 0], "uv_size": [1, 1]},
								"up": {"uv": [1, 7], "uv_size": [1, 1]}
							}
						},
						{
							"origin": [0.65, 0.6, -0.975],
							"size": [0.1, 0.87, 0.6],
							"uv": {
								"east": {"uv": [7, 1], "uv_size": [1, 1]},
								"south": {"uv": [2, 7], "uv_size": [1, 1]},
								"west": {"uv": [7, 2], "uv_size": [1, 1]},
								"up": {"uv": [3, 7], "uv_size": [1, 1]}
							}
						},
						{
							"origin": [0.65, 0.44188, -0.48173],
							"size": [0.1, 0.445, 0.5],
							"pivot": [0, 0.94781, 0.0125],
							"rotation": [-45, 0, 0],
							"uv": {
								"east": {"uv": [7, 3], "uv_size": [1, 1]},
								"west": {"uv": [4, 7], "uv_size": [1, 1]},
								"up": {"uv": [7, 4], "uv_size": [1, 1]}
							}
						},
						{
							"origin": [0.65, 0.6, -0.375],
							"size": [0.1, 0.3, 0.6],
							"uv": {
								"east": {"uv": [5, 7], "uv_size": [1, 1]},
								"west": {"uv": [7, 5], "uv_size": [1, 1]},
								"up": {"uv": [6, 7], "uv_size": [1, 1]}
							}
						},
						{
							"origin": [0.67913, 0.775, 0.03724],
							"size": [0.1, 0.125, 0.075],
							"pivot": [0, 0.94781, 0.0125],
							"rotation": [0, -14, 0],
							"uv": {
								"east": {"uv": [7, 6], "uv_size": [1, 1]},
								"west": {"uv": [7, 7], "uv_size": [1, 1]},
								"up": {"uv": [0, 8], "uv_size": [1, 1]}
							}
						},
						{
							"origin": [0.67913, 0.3, 0.03724],
							"size": [0.1, 0.475, 0.4],
							"pivot": [0, 0.94781, 0.0125],
							"rotation": [0, -14, 0],
							"uv": {
								"east": {"uv": [8, 0], "uv_size": [1, 1]},
								"west": {"uv": [1, 8], "uv_size": [1, 1]},
								"down": {"uv": [8, 2], "uv_size": [1, -1]}
							}
						},
						{
							"origin": [0.67913, 0.81392, 0.12275],
							"size": [0.1, 0.125, 0.35],
							"pivot": [0, 0.94781, 0.0125],
							"rotation": [-21, -14, 0],
							"uv": {
								"east": {"uv": [2, 8], "uv_size": [1, 1]},
								"west": {"uv": [8, 2], "uv_size": [1, 1]},
								"up": {"uv": [3, 8], "uv_size": [1, 1]}
							}
						},
						{
							"origin": [-0.75, 0.40834, -1.05062],
							"size": [0.1, 0.88283, 0.175],
							"pivot": [0, 0.94839, 0.0092],
							"rotation": [-10, 0, 0],
							"uv": {
								"north": {"uv": [8, 3], "uv_size": [1, 1]},
								"east": {"uv": [4, 8], "uv_size": [1, 1]},
								"west": {"uv": [8, 4], "uv_size": [1, 1]},
								"up": {"uv": [5, 8], "uv_size": [1, 1]}
							}
						},
						{
							"origin": [-0.75, 0.6, -0.375],
							"size": [0.1, 0.3, 0.6],
							"uv": {
								"east": {"uv": [8, 5], "uv_size": [1, 1]},
								"west": {"uv": [6, 8], "uv_size": [1, 1]},
								"up": {"uv": [8, 6], "uv_size": [1, 1]}
							}
						},
						{
							"origin": [-0.77913, 0.775, 0.03725],
							"size": [0.1, 0.125, 0.075],
							"pivot": [0, 0.94781, 0.0125],
							"rotation": [0, 14, 0],
							"uv": {
								"north": {"uv": [7, 8], "uv_size": [1, 1]},
								"east": {"uv": [8, 7], "uv_size": [1, 1]},
								"south": {"uv": [8, 8], "uv_size": [1, 1]},
								"west": {"uv": [0, 9], "uv_size": [1, 1]},
								"up": {"uv": [9, 0], "uv_size": [1, 1]},
								"down": {"uv": [1, 10], "uv_size": [1, -1]}
							}
						},
						{
							"origin": [-0.77914, 0.81392, 0.12276],
							"size": [0.1, 0.125, 0.35],
							"pivot": [0, 0.94781, 0.0125],
							"rotation": [-21, 14, 0],
							"uv": {
								"north": {"uv": [9, 1], "uv_size": [1, 1]},
								"east": {"uv": [2, 9], "uv_size": [1, 1]},
								"south": {"uv": [9, 2], "uv_size": [1, 1]},
								"west": {"uv": [3, 9], "uv_size": [1, 1]},
								"up": {"uv": [9, 3], "uv_size": [1, 1]},
								"down": {"uv": [4, 10], "uv_size": [1, -1]}
							}
						},
						{
							"origin": [-0.77913, 0.3, 0.03725],
							"size": [0.1, 0.475, 0.4],
							"pivot": [0, 0.94781, 0.0125],
							"rotation": [0, 14, 0],
							"uv": {
								"east": {"uv": [9, 4], "uv_size": [1, 1]},
								"west": {"uv": [5, 9], "uv_size": [1, 1]},
								"down": {"uv": [9, 6], "uv_size": [1, -1]}
							}
						},
						{
							"origin": [-0.5175, 0.6, -0.4875],
							"size": [0.41, 0.05, 1],
							"pivot": [0, 0.94781, 0.0125],
							"rotation": [0, -90, 0],
							"uv": {
								"north": {"uv": [6, 9], "uv_size": [1, 1]},
								"south": {"uv": [9, 6], "uv_size": [1, 1]},
								"up": {"uv": [7, 9], "uv_size": [1, 1]}
							}
						},
						{
							"origin": [-0.42957, 0.6, -0.26504],
							"size": [0.41719, 0.05, 0.99702],
							"pivot": [0, 0.94781, 0.0125],
							"rotation": [0, -135, 0],
							"uv": {
								"north": {"uv": [9, 7], "uv_size": [1, 1]},
								"south": {"uv": [8, 9], "uv_size": [1, 1]},
								"up": {"uv": [9, 8], "uv_size": [1, 1]}
							}
						},
						{
							"origin": [-0.42957, 0.6, -0.70698],
							"size": [0.41719, 0.05, 0.99702],
							"pivot": [0, 0.94781, 0.0125],
							"rotation": [0, -45, 0],
							"uv": {
								"north": {"uv": [9, 9], "uv_size": [1, 1]},
								"south": {"uv": [0, 10], "uv_size": [1, 1]},
								"up": {"uv": [10, 0], "uv_size": [1, 1]}
							}
						},
						{
							"origin": [-0.205, 0.6, -0.8],
							"size": [0.41, 0.05, 1],
							"uv": {
								"north": {"uv": [1, 10], "uv_size": [1, 1]},
								"south": {"uv": [10, 1], "uv_size": [1, 1]},
								"up": {"uv": [2, 10], "uv_size": [1, 1]}
							}
						},
						{
							"origin": [-0.75, 0.31163, -1.0523],
							"size": [1.5, 0.1, 0.175],
							"pivot": [0, 0.95168, 0.00752],
							"rotation": [-10, 0, 0],
							"uv": {
								"north": {"uv": [0, 2], "uv_size": [2, 1]},
								"east": {"uv": [10, 2], "uv_size": [1, 1]},
								"west": {"uv": [3, 10], "uv_size": [1, 1]},
								"up": {"uv": [2, 0], "uv_size": [2, 1]},
								"down": {"uv": [2, 2], "uv_size": [2, -1]}
							}
						},
						{
							"origin": [0.19493, 0.575, -0.01098],
							"size": [0.15, 0.175, 0.15],
							"pivot": [0.725, 1.02281, -0.0375],
							"rotation": [0, 45, 0],
							"uv": {
								"north": {"uv": [10, 3], "uv_size": [1, 1]},
								"east": {"uv": [4, 10], "uv_size": [1, 1]},
								"south": {"uv": [10, 4], "uv_size": [1, 1]},
								"west": {"uv": [5, 10], "uv_size": [1, 1]},
								"up": {"uv": [10, 5], "uv_size": [1, 1]}
							}
						},
						{
							"origin": [-0.75507, 0.575, -0.01098],
							"size": [0.15, 0.175, 0.15],
							"pivot": [-0.225, 1.02281, -0.0375],
							"rotation": [0, 45, 0],
							"uv": {
								"north": {"uv": [6, 10], "uv_size": [1, 1]},
								"east": {"uv": [10, 6], "uv_size": [1, 1]},
								"south": {"uv": [7, 10], "uv_size": [1, 1]},
								"west": {"uv": [10, 7], "uv_size": [1, 1]},
								"up": {"uv": [8, 10], "uv_size": [1, 1]}
							}
						},
						{
							"origin": [-1.21092, 0.3, 0.3016],
							"size": [0.075, 0.475, 0.144],
							"pivot": [0, 0.94781, 0.0125],
							"rotation": [0, 45, 0],
							"uv": {
								"north": {"uv": [10, 8], "uv_size": [1, 1]},
								"east": {"uv": [9, 10], "uv_size": [1, 1]},
								"up": {"uv": [10, 9], "uv_size": [1, 1]},
								"down": {"uv": [10, 11], "uv_size": [1, -1]}
							}
						},
						{
							"origin": [-0.55, 0.3, 1.075],
							"size": [1.1, 0.475, 0.1],
							"uv": {
								"south": {"uv": [0, 11], "uv_size": [1, 1]},
								"up": {"uv": [11, 0], "uv_size": [1, 1]},
								"down": {"uv": [1, 12], "uv_size": [1, -1]}
							}
						},
						{
							"origin": [-0.65, 0.3, 0.225],
							"size": [1.3, 0.3, 0.275],
							"uv": {
								"down": {"uv": [11, 2], "uv_size": [1, -1]}
							}
						},
						{
							"origin": [1.1536, 0.3, -0.29686],
							"size": [0.075, 0.2, 0.144],
							"pivot": [0, 0.94781, 0.0125],
							"rotation": [0, 45, 0],
							"uv": {
								"west": {"uv": [2, 11], "uv_size": [1, 1]},
								"down": {"uv": [11, 3], "uv_size": [1, -1]}
							}
						},
						{
							"origin": [-1.2286, 0.3, -0.29686],
							"size": [0.075, 0.2, 0.144],
							"pivot": [0, 0.94781, 0.0125],
							"rotation": [0, -45, 0],
							"uv": {
								"east": {"uv": [3, 11], "uv_size": [1, 1]},
								"down": {"uv": [11, 4], "uv_size": [1, -1]}
							}
						},
						{
							"origin": [-0.65, 0.3, -1.075],
							"size": [1.3, 0.3, 0.1],
							"uv": {
								"north": {"uv": [4, 11], "uv_size": [1, 1]},
								"east": {"uv": [11, 4], "uv_size": [1, 1]},
								"south": {"uv": [5, 11], "uv_size": [1, 1]},
								"west": {"uv": [11, 5], "uv_size": [1, 1]},
								"up": {"uv": [6, 11], "uv_size": [1, 1]},
								"down": {"uv": [11, 7], "uv_size": [1, -1]}
							}
						},
						{
							"origin": [-0.65, 0.3, 0.5],
							"size": [1.3, 0.475, 0.575],
							"uv": {
								"east": {"uv": [7, 11], "uv_size": [1, 1]},
								"west": {"uv": [11, 7], "uv_size": [1, 1]},
								"up": {"uv": [8, 11], "uv_size": [1, 1]},
								"down": {"uv": [11, 9], "uv_size": [1, -1]}
							}
						},
						{
							"origin": [1.13592, 0.3, 0.3016],
							"size": [0.075, 0.475, 0.144],
							"pivot": [0, 0.94781, 0.0125],
							"rotation": [0, -45, 0],
							"uv": {
								"north": {"uv": [9, 11], "uv_size": [1, 1]},
								"west": {"uv": [11, 9], "uv_size": [1, 1]},
								"up": {"uv": [10, 11], "uv_size": [1, 1]},
								"down": {"uv": [11, 11], "uv_size": [1, -1]}
							}
						},
						{
							"origin": [-0.7, 0.475, 0.65001],
							"size": [1.4, 0.2, 0.2],
							"pivot": [0, 0.575, 0.75001],
							"rotation": [-45, 0, 0],
							"uv": {
								"north": {"uv": [11, 11], "uv_size": [1, 1]},
								"east": {"uv": [0, 12], "uv_size": [1, 1]},
								"south": {"uv": [12, 0], "uv_size": [1, 1]},
								"west": {"uv": [1, 12], "uv_size": [1, 1]},
								"up": {"uv": [12, 1], "uv_size": [1, 1]},
								"down": {"uv": [2, 13], "uv_size": [1, -1]}
							}
						},
						{
							"origin": [0.58059, 0.775, 0.59309],
							"size": [0.2, 0.025, 0.2],
							"pivot": [0, 0.94781, 0.0125],
							"rotation": [0, -45, 0],
							"uv": {
								"north": {"uv": [12, 2], "uv_size": [1, 1]},
								"east": {"uv": [3, 12], "uv_size": [1, 1]},
								"south": {"uv": [12, 3], "uv_size": [1, 1]},
								"west": {"uv": [4, 12], "uv_size": [1, 1]},
								"up": {"uv": [12, 4], "uv_size": [1, 1]}
							}
						},
						{
							"origin": [-0.25, 0.5, 0.3],
							"size": [0.5, 0.275, 0.2],
							"uv": {
								"north": {"uv": [5, 12], "uv_size": [1, 1]},
								"east": {"uv": [12, 5], "uv_size": [1, 1]},
								"south": {"uv": [6, 12], "uv_size": [1, 1]},
								"west": {"uv": [12, 6], "uv_size": [1, 1]},
								"up": {"uv": [7, 12], "uv_size": [1, 1]},
								"down": {"uv": [12, 8], "uv_size": [1, -1]}
							}
						},
						{
							"origin": [-0.66807, 0.5, 0.03902],
							"size": [0.288, 0.275, 0.15],
							"pivot": [0, 0.94781, 0.0125],
							"rotation": [0, 45, 0],
							"uv": {
								"north": {"uv": [8, 12], "uv_size": [1, 1]},
								"east": {"uv": [12, 8], "uv_size": [1, 1]},
								"south": {"uv": [9, 12], "uv_size": [1, 1]},
								"west": {"uv": [12, 9], "uv_size": [1, 1]},
								"up": {"uv": [10, 12], "uv_size": [1, 1]},
								"down": {"uv": [12, 11], "uv_size": [1, -1]}
							}
						},
						{
							"origin": [0.38007, 0.5, 0.03902],
							"size": [0.288, 0.275, 0.15],
							"pivot": [0, 0.94781, 0.0125],
							"rotation": [0, -45, 0],
							"uv": {
								"north": {"uv": [11, 12], "uv_size": [1, 1]},
								"east": {"uv": [12, 11], "uv_size": [1, 1]},
								"south": {"uv": [12, 12], "uv_size": [1, 1]},
								"west": {"uv": [0, 13], "uv_size": [1, 1]},
								"up": {"uv": [13, 0], "uv_size": [1, 1]},
								"down": {"uv": [1, 14], "uv_size": [1, -1]}
							}
						},
						{
							"origin": [-0.65, 0.49035, 0.02263],
							"size": [1.3, 0.05, 0.325],
							"pivot": [0, 0.94781, 0.0125],
							"rotation": [30, 0, 0],
							"uv": {
								"north": {"uv": [13, 1], "uv_size": [1, 1]},
								"east": {"uv": [2, 13], "uv_size": [1, 1]},
								"south": {"uv": [13, 2], "uv_size": [1, 1]},
								"west": {"uv": [3, 13], "uv_size": [1, 1]},
								"up": {"uv": [13, 3], "uv_size": [1, 1]},
								"down": {"uv": [4, 14], "uv_size": [1, -1]}
							}
						},
						{
							"origin": [-0.75, 0.44188, -0.48173],
							"size": [0.1, 0.445, 0.5],
							"pivot": [0, 0.94781, 0.0125],
							"rotation": [-45, 0, 0],
							"uv": {
								"east": {"uv": [13, 4], "uv_size": [1, 1]},
								"west": {"uv": [5, 13], "uv_size": [1, 1]},
								"up": {"uv": [13, 5], "uv_size": [1, 1]}
							}
						},
						{
							"origin": [-0.75, 0.6, -0.975],
							"size": [0.1, 0.87, 0.6],
							"uv": {
								"east": {"uv": [6, 13], "uv_size": [1, 1]},
								"south": {"uv": [13, 6], "uv_size": [1, 1]},
								"west": {"uv": [7, 13], "uv_size": [1, 1]},
								"up": {"uv": [13, 7], "uv_size": [1, 1]}
							}
						}
					]
				},
				{
					"name": "StrikeIndus_GSURF",
					"parent": "scope_body",
					"pivot": [0, 12.1, 10],
					"cubes": [
						{
							"origin": [-0.7, 0.1, -1.325],
							"size": [1.4, 0.2, 2.5],
							"uv": {
								"north": {"uv": [8, 13], "uv_size": [1, 1]},
								"east": {"uv": [2, 2], "uv_size": [2, 1]},
								"south": {"uv": [13, 8], "uv_size": [1, 1]},
								"west": {"uv": [0, 3], "uv_size": [2, 1]},
								"up": {"uv": [2, 3], "uv_size": [1, 2]},
								"down": {"uv": [3, 5], "uv_size": [1, -2]}
							}
						},
						{
							"origin": [-0.6, -0.2, 0.825],
							"size": [1.2, 0.3, 0.35],
							"uv": {
								"north": {"uv": [9, 13], "uv_size": [1, 1]},
								"east": {"uv": [13, 9], "uv_size": [1, 1]},
								"south": {"uv": [10, 13], "uv_size": [1, 1]},
								"west": {"uv": [13, 10], "uv_size": [1, 1]},
								"down": {"uv": [11, 14], "uv_size": [1, -1]}
							}
						},
						{
							"origin": [-0.4, 0, 0],
							"size": [0.8, 0.1, 0.375],
							"uv": {
								"north": {"uv": [13, 11], "uv_size": [1, 1]},
								"east": {"uv": [12, 13], "uv_size": [1, 1]},
								"south": {"uv": [13, 12], "uv_size": [1, 1]},
								"west": {"uv": [13, 13], "uv_size": [1, 1]},
								"down": {"uv": [0, 15], "uv_size": [1, -1]}
							}
						},
						{
							"origin": [-0.3, -0.575, 0.825],
							"size": [0.6, 0.375, 0.25],
							"uv": {
								"north": {"uv": [14, 0], "uv_size": [1, 1]},
								"east": {"uv": [1, 14], "uv_size": [1, 1]},
								"south": {"uv": [14, 1], "uv_size": [1, 1]},
								"west": {"uv": [2, 14], "uv_size": [1, 1]},
								"down": {"uv": [14, 3], "uv_size": [1, -1]}
							}
						},
						{
							"origin": [0.2, -0.475, 1.075],
							"size": [0.1, 0.275, 0.1],
							"uv": {
								"east": {"uv": [3, 14], "uv_size": [1, 1]},
								"south": {"uv": [14, 3], "uv_size": [1, 1]},
								"west": {"uv": [4, 14], "uv_size": [1, 1]}
							}
						},
						{
							"origin": [0.2, -0.48473, 1.075],
							"size": [0.1, 0.14142, 0.11794],
							"pivot": [0, -0.3875, 1.025],
							"rotation": [-45, 0, 0],
							"uv": {
								"east": {"uv": [14, 4], "uv_size": [1, 1]},
								"south": {"uv": [5, 14], "uv_size": [1, 1]},
								"west": {"uv": [14, 5], "uv_size": [1, 1]}
							}
						},
						{
							"origin": [-0.3, -0.475, 1.075],
							"size": [0.1, 0.275, 0.1],
							"uv": {
								"east": {"uv": [6, 14], "uv_size": [1, 1]},
								"south": {"uv": [14, 6], "uv_size": [1, 1]},
								"west": {"uv": [7, 14], "uv_size": [1, 1]}
							}
						},
						{
							"origin": [-0.3, -0.48473, 1.075],
							"size": [0.1, 0.14142, 0.11794],
							"pivot": [0, -0.3875, 1.025],
							"rotation": [-45, 0, 0],
							"uv": {
								"east": {"uv": [14, 7], "uv_size": [1, 1]},
								"south": {"uv": [8, 14], "uv_size": [1, 1]},
								"west": {"uv": [14, 8], "uv_size": [1, 1]}
							}
						},
						{
							"origin": [-0.1, -0.475, 1.075],
							"size": [0.2, 0.2, 0.1],
							"pivot": [0, -0.375, 0.95],
							"rotation": [0, 0, 45],
							"uv": {
								"east": {"uv": [9, 14], "uv_size": [1, 1]},
								"south": {"uv": [14, 9], "uv_size": [1, 1]},
								"west": {"uv": [10, 14], "uv_size": [1, 1]},
								"up": {"uv": [14, 10], "uv_size": [1, 1]},
								"down": {"uv": [11, 15], "uv_size": [1, -1]}
							}
						},
						{
							"origin": [-0.7, -0.13321, 0.97929],
							"size": [1.5, 0.14142, 0.14142],
							"pivot": [0, -0.0625, 1.05],
							"rotation": [-45, 0, 0],
							"uv": {
								"north": {"uv": [0, 4], "uv_size": [2, 1]},
								"east": {"uv": [14, 11], "uv_size": [1, 1]},
								"south": {"uv": [4, 0], "uv_size": [2, 1]},
								"up": {"uv": [4, 1], "uv_size": [2, 1]},
								"down": {"uv": [4, 3], "uv_size": [2, -1]}
							}
						},
						{
							"origin": [0.8, -0.2125, 0.9879],
							"size": [0.75, 0.3, 0.1242],
							"uv": {
								"east": {"uv": [12, 14], "uv_size": [1, 1]},
								"west": {"uv": [14, 12], "uv_size": [1, 1]},
								"up": {"uv": [13, 14], "uv_size": [1, 1]},
								"down": {"uv": [14, 14], "uv_size": [1, -1]}
							}
						},
						{
							"origin": [0.8, -0.2125, 0.9879],
							"size": [0.75, 0.1, 0.1242],
							"pivot": [1.175, -0.0625, 1.05],
							"rotation": [-90, 0, 0],
							"uv": {
								"east": {"uv": [14, 14], "uv_size": [1, 1]},
								"west": {"uv": [0, 15], "uv_size": [1, 1]},
								"down": {"uv": [15, 1], "uv_size": [1, -1]}
							}
						},
						{
							"origin": [0.8, -0.21248, 0.98785],
							"size": [0.75, 0.07071, 0.12425],
							"pivot": [1.175, -0.0625, 1.05],
							"rotation": [-135, 0, 0],
							"uv": {
								"east": {"uv": [1, 15], "uv_size": [1, 1]},
								"west": {"uv": [15, 1], "uv_size": [1, 1]},
								"down": {"uv": [2, 16], "uv_size": [1, -1]}
							}
						},
						{
							"origin": [0.8, -0.21248, 0.98785],
							"size": [0.75, 0.07071, 0.12431],
							"pivot": [1.175, -0.0625, 1.05],
							"rotation": [-45, 0, 0],
							"uv": {
								"east": {"uv": [15, 2], "uv_size": [1, 1]},
								"west": {"uv": [3, 15], "uv_size": [1, 1]},
								"down": {"uv": [15, 4], "uv_size": [1, -1]}
							}
						},
						{
							"origin": [0.8, -0.21248, 0.98785],
							"size": [0.1, 0.07071, 0.12425],
							"pivot": [1.175, -0.0625, 1.05],
							"rotation": [45, 0, 0],
							"uv": {
								"east": {"uv": [4, 15], "uv_size": [1, 1]},
								"west": {"uv": [15, 4], "uv_size": [1, 1]},
								"down": {"uv": [5, 16], "uv_size": [1, -1]}
							}
						},
						{
							"origin": [0.8, -0.2125, 0.9879],
							"size": [0.1, 0.1, 0.1242],
							"pivot": [1.175, -0.0625, 1.05],
							"rotation": [90, 0, 0],
							"uv": {
								"east": {"uv": [15, 5], "uv_size": [1, 1]},
								"west": {"uv": [6, 15], "uv_size": [1, 1]},
								"down": {"uv": [15, 7], "uv_size": [1, -1]}
							}
						},
						{
							"origin": [0.8, -0.21248, 0.98785],
							"size": [0.1, 0.07071, 0.12431],
							"pivot": [1.175, -0.0625, 1.05],
							"rotation": [135, 0, 0],
							"uv": {
								"east": {"uv": [7, 15], "uv_size": [1, 1]},
								"west": {"uv": [15, 7], "uv_size": [1, 1]},
								"down": {"uv": [8, 16], "uv_size": [1, -1]}
							}
						},
						{
							"origin": [1.45, -0.21248, 0.98785],
							"size": [0.1, 0.07071, 0.12425],
							"pivot": [1.825, -0.0625, 1.05],
							"rotation": [45, 0, 0],
							"uv": {
								"east": {"uv": [15, 8], "uv_size": [1, 1]},
								"west": {"uv": [9, 15], "uv_size": [1, 1]},
								"down": {"uv": [15, 10], "uv_size": [1, -1]}
							}
						},
						{
							"origin": [1.45, -0.2125, 0.9879],
							"size": [0.1, 0.1, 0.1242],
							"pivot": [1.825, -0.0625, 1.05],
							"rotation": [90, 0, 0],
							"uv": {
								"east": {"uv": [10, 15], "uv_size": [1, 1]},
								"west": {"uv": [15, 10], "uv_size": [1, 1]},
								"down": {"uv": [11, 16], "uv_size": [1, -1]}
							}
						},
						{
							"origin": [0.9, -0.17711, 0.95251],
							"size": [0.55, 0.025, 0.19495],
							"pivot": [1.825, -0.0625, 1.05],
							"rotation": [90, 0, 0],
							"uv": {
								"down": {"uv": [15, 12], "uv_size": [1, -1]}
							}
						},
						{
							"origin": [1.45, -0.21248, 0.98785],
							"size": [0.1, 0.07071, 0.12431],
							"pivot": [1.825, -0.0625, 1.05],
							"rotation": [135, 0, 0],
							"uv": {
								"east": {"uv": [12, 15], "uv_size": [1, 1]},
								"west": {"uv": [15, 12], "uv_size": [1, 1]},
								"down": {"uv": [13, 16], "uv_size": [1, -1]}
							}
						},
						{
							"origin": [0.9, -0.21248, 0.98785],
							"size": [0.55, 0.07071, 0.07425],
							"pivot": [1.725, -0.0625, 1.05],
							"rotation": [45, 0, 0],
							"uv": {
								"down": {"uv": [15, 14], "uv_size": [1, -1]}
							}
						},
						{
							"origin": [0.9, -0.21248, 1.03785],
							"size": [0.55, 0.07071, 0.07431],
							"pivot": [1.725, -0.0625, 1.05],
							"rotation": [135, 0, 0],
							"uv": {
								"down": {"uv": [14, 16], "uv_size": [1, -1]}
							}
						}
					]
				}
			]
		}
	]
}