{
	"format_version": "1.12.0",
	"minecraft:geometry": [
		{
			"description": {
				"identifier": "geometry.sight_eotech_eflx_pica",
				"texture_width": 16,
				"texture_height": 16,
				"visible_bounds_width": 22,
				"visible_bounds_height": 10,
				"visible_bounds_offset": [0, 0, 0]
			},
			"bones": [
				{
					"name": "scope_view",
					"pivot": [0, 1.15, 8]
				},
				{
					"name": "division",
					"pivot": [0, 0, 0]
				},
				{
					"name": "crosshair_illuminated",
					"parent": "division",
					"pivot": [0, 0, 0],
					"cubes": [
						{
							"origin": [-0.03533, 1.11503, -10],
							"size": [0.0707, 0.0707, 0.025],
							"pivot": [0.00002, 1.1503, 0],
							"rotation": [0, 0, 45],
							"uv": {
								"south": {"uv": [15, 8], "uv_size": [1, 1]}
							}
						}
					]
				},
				{
					"name": "ocular",
					"pivot": [0, 1.12893, -1.11201],
					"cubes": [
						{
							"origin": [-0.65, 0.67893, -1.12201],
							"size": [1.3, 0.9, 0.02],
							"pivot": [0, 1.12893, -1.11201],
							"rotation": [-10, 0, 0],
							"uv": {
								"south": {"uv": [5, 2], "uv_size": [1, 1]}
							}
						}
					]
				},
				{
					"name": "scope_body",
					"pivot": [0, 0, 1]
				},
				{
					"name": "MountDP",
					"parent": "scope_body",
					"pivot": [0, 0, 1],
					"cubes": [
						{
							"origin": [-0.6875, -0.3, 0.375],
							"size": [1.375, 0.3125, 0.3125],
							"pivot": [0, -0.175, 0.5],
							"rotation": [45, 0, 0],
							"uv": {
								"north": {"uv": [3, 5], "uv_size": [1, 1]},
								"east": {"uv": [4, 5], "uv_size": [1, 1]},
								"south": {"uv": [5, 5], "uv_size": [1, 1]},
								"west": {"uv": [0, 6], "uv_size": [1, 1]},
								"up": {"uv": [1, 6], "uv_size": [1, 1]},
								"down": {"uv": [2, 7], "uv_size": [1, -1]}
							}
						},
						{
							"origin": [-0.6875, -0.3, -0.875],
							"size": [1.375, 0.3125, 0.3125],
							"pivot": [0, -0.175, -0.75],
							"rotation": [45, 0, 0],
							"uv": {
								"north": {"uv": [6, 2], "uv_size": [1, 1]},
								"east": {"uv": [3, 6], "uv_size": [1, 1]},
								"south": {"uv": [6, 3], "uv_size": [1, 1]},
								"west": {"uv": [4, 6], "uv_size": [1, 1]},
								"up": {"uv": [6, 4], "uv_size": [1, 1]},
								"down": {"uv": [5, 7], "uv_size": [1, -1]}
							}
						},
						{
							"origin": [-0.625, -0.2375, -1.25],
							"size": [1.25, 0.375, 2.25],
							"uv": {
								"north": {"uv": [6, 5], "uv_size": [1, 1]},
								"east": {"uv": [0, 0], "uv_size": [2, 1]},
								"south": {"uv": [6, 6], "uv_size": [1, 1]},
								"west": {"uv": [0, 1], "uv_size": [2, 1]},
								"down": {"uv": [0, 4], "uv_size": [1, -2]}
							}
						},
						{
							"origin": [-0.7, 0.1375, -1.25],
							"size": [1.4, 0.25, 2.25],
							"uv": {
								"north": {"uv": [0, 7], "uv_size": [1, 1]},
								"east": {"uv": [2, 0], "uv_size": [2, 1]},
								"south": {"uv": [7, 0], "uv_size": [1, 1]},
								"west": {"uv": [1, 2], "uv_size": [2, 1]},
								"up": {"uv": [1, 3], "uv_size": [1, 2]}
							}
						},
						{
							"origin": [0.32322, -0.3625, -1.25],
							"size": [0.25, 0.25, 2.25],
							"pivot": [0.44822, -0.2375, 0.9875],
							"rotation": [0, 0, 45],
							"uv": {
								"north": {"uv": [1, 7], "uv_size": [1, 1]},
								"south": {"uv": [7, 1], "uv_size": [1, 1]},
								"west": {"uv": [2, 1], "uv_size": [2, 1]},
								"down": {"uv": [2, 5], "uv_size": [1, -2]}
							}
						},
						{
							"origin": [-0.57322, -0.3625, -1.25],
							"size": [0.25, 0.25, 2.25],
							"pivot": [-0.44822, -0.2375, 0.9875],
							"rotation": [0, 0, -45],
							"uv": {
								"north": {"uv": [2, 7], "uv_size": [1, 1]},
								"east": {"uv": [3, 2], "uv_size": [2, 1]},
								"south": {"uv": [7, 2], "uv_size": [1, 1]},
								"down": {"uv": [3, 5], "uv_size": [1, -2]}
							}
						},
						{
							"origin": [-0.80212, -0.29655, -1.25],
							"size": [0.125, 0.075, 2.25],
							"pivot": [-0.22712, -0.2028, -2.7625],
							"rotation": [0, 0, 45],
							"uv": {
								"north": {"uv": [3, 7], "uv_size": [1, 1]},
								"south": {"uv": [7, 3], "uv_size": [1, 1]},
								"down": {"uv": [0, 6], "uv_size": [1, -2]}
							}
						},
						{
							"origin": [0.67346, -0.28771, -1.25],
							"size": [0.125, 0.075, 2.25],
							"pivot": [0.23596, -0.19396, -2.7625],
							"rotation": [0, 0, -45],
							"uv": {
								"north": {"uv": [4, 7], "uv_size": [1, 1]},
								"south": {"uv": [7, 4], "uv_size": [1, 1]},
								"down": {"uv": [4, 2], "uv_size": [1, -2]}
							}
						}
					]
				},
				{
					"name": "EOTech_EFLX",
					"parent": "scope_body",
					"pivot": [0, -3.525, 4.3],
					"cubes": [
						{
							"origin": [-0.75, 0.3875, -1.15],
							"size": [1.5, 0.3, 1.2],
							"uv": {
								"east": {"uv": [5, 7], "uv_size": [1, 1]},
								"west": {"uv": [7, 5], "uv_size": [1, 1]},
								"up": {"uv": [4, 3], "uv_size": [2, 1]},
								"down": {"uv": [4, 5], "uv_size": [2, -1]}
							}
						},
						{
							"origin": [0.75, 0.5125, -1.05],
							"size": [0.05, 0.375, 0.75],
							"uv": {
								"north": {"uv": [6, 7], "uv_size": [1, 1]},
								"east": {"uv": [7, 6], "uv_size": [1, 1]},
								"south": {"uv": [7, 7], "uv_size": [1, 1]},
								"west": {"uv": [0, 8], "uv_size": [1, 1]},
								"up": {"uv": [8, 0], "uv_size": [1, 1]},
								"down": {"uv": [1, 9], "uv_size": [1, -1]}
							}
						},
						{
							"origin": [-0.16106, 1.79349, -1.15],
							"size": [0.1414, 0.1414, 0.6],
							"pivot": [0, 1.03531, 2.8375],
							"rotation": [0, 0, -45],
							"uv": {
								"north": {"uv": [8, 1], "uv_size": [1, 1]},
								"south": {"uv": [2, 8], "uv_size": [1, 1]},
								"up": {"uv": [8, 2], "uv_size": [1, 1]},
								"down": {"uv": [3, 9], "uv_size": [1, -1]}
							}
						},
						{
							"origin": [0.01966, 1.79349, -1.15],
							"size": [0.1414, 0.1414, 0.6],
							"pivot": [0, 1.03531, -0.1625],
							"rotation": [0, 0, 45],
							"uv": {
								"north": {"uv": [8, 3], "uv_size": [1, 1]},
								"south": {"uv": [4, 8], "uv_size": [1, 1]},
								"up": {"uv": [8, 4], "uv_size": [1, 1]},
								"down": {"uv": [5, 9], "uv_size": [1, -1]}
							}
						},
						{
							"origin": [-0.65, 1.5575, -1.15],
							"size": [1.3, 0.1, 0.6],
							"uv": {
								"north": {"uv": [8, 5], "uv_size": [1, 1]},
								"south": {"uv": [6, 8], "uv_size": [1, 1]},
								"up": {"uv": [8, 6], "uv_size": [1, 1]},
								"down": {"uv": [7, 9], "uv_size": [1, -1]}
							}
						},
						{
							"origin": [0.65, 0.49584, -1.22562],
							"size": [0.1, 0.88283, 0.175],
							"pivot": [0, 1.03589, -0.1658],
							"rotation": [-10, 0, 0],
							"uv": {
								"north": {"uv": [8, 7], "uv_size": [1, 1]},
								"east": {"uv": [8, 8], "uv_size": [1, 1]},
								"west": {"uv": [0, 9], "uv_size": [1, 1]},
								"up": {"uv": [9, 0], "uv_size": [1, 1]}
							}
						},
						{
							"origin": [0.65, 0.6875, -1.15],
							"size": [0.1, 0.87, 0.6],
							"uv": {
								"east": {"uv": [1, 9], "uv_size": [1, 1]},
								"south": {"uv": [9, 1], "uv_size": [1, 1]},
								"west": {"uv": [2, 9], "uv_size": [1, 1]},
								"up": {"uv": [9, 2], "uv_size": [1, 1]}
							}
						},
						{
							"origin": [0.65, 0.52938, -0.65673],
							"size": [0.1, 0.445, 0.5],
							"pivot": [0, 1.03531, -0.1625],
							"rotation": [-45, 0, 0],
							"uv": {
								"east": {"uv": [3, 9], "uv_size": [1, 1]},
								"west": {"uv": [9, 3], "uv_size": [1, 1]},
								"up": {"uv": [4, 9], "uv_size": [1, 1]}
							}
						},
						{
							"origin": [0.65, 0.6875, -0.55],
							"size": [0.1, 0.3, 0.6],
							"uv": {
								"east": {"uv": [9, 4], "uv_size": [1, 1]},
								"west": {"uv": [5, 9], "uv_size": [1, 1]},
								"up": {"uv": [9, 5], "uv_size": [1, 1]}
							}
						},
						{
							"origin": [0.67913, 0.8625, -0.13776],
							"size": [0.1, 0.125, 0.075],
							"pivot": [0, 1.03531, -0.1625],
							"rotation": [0, -14, 0],
							"uv": {
								"east": {"uv": [6, 9], "uv_size": [1, 1]},
								"west": {"uv": [9, 6], "uv_size": [1, 1]},
								"up": {"uv": [7, 9], "uv_size": [1, 1]}
							}
						},
						{
							"origin": [0.67913, 0.3875, -0.13776],
							"size": [0.1, 0.475, 0.4],
							"pivot": [0, 1.03531, -0.1625],
							"rotation": [0, -14, 0],
							"uv": {
								"east": {"uv": [9, 7], "uv_size": [1, 1]},
								"west": {"uv": [8, 9], "uv_size": [1, 1]},
								"down": {"uv": [9, 9], "uv_size": [1, -1]}
							}
						},
						{
							"origin": [0.67913, 0.90142, -0.05225],
							"size": [0.1, 0.125, 0.35],
							"pivot": [0, 1.03531, -0.1625],
							"rotation": [-21, -14, 0],
							"uv": {
								"east": {"uv": [9, 9], "uv_size": [1, 1]},
								"west": {"uv": [0, 10], "uv_size": [1, 1]},
								"up": {"uv": [10, 0], "uv_size": [1, 1]}
							}
						},
						{
							"origin": [-0.75, 0.49584, -1.22562],
							"size": [0.1, 0.88283, 0.175],
							"pivot": [0, 1.03589, -0.1658],
							"rotation": [-10, 0, 0],
							"uv": {
								"north": {"uv": [1, 10], "uv_size": [1, 1]},
								"east": {"uv": [10, 1], "uv_size": [1, 1]},
								"west": {"uv": [2, 10], "uv_size": [1, 1]},
								"up": {"uv": [10, 2], "uv_size": [1, 1]}
							}
						},
						{
							"origin": [-0.75, 0.6875, -0.55],
							"size": [0.1, 0.3, 0.6],
							"uv": {
								"east": {"uv": [3, 10], "uv_size": [1, 1]},
								"west": {"uv": [10, 3], "uv_size": [1, 1]},
								"up": {"uv": [4, 10], "uv_size": [1, 1]}
							}
						},
						{
							"origin": [-0.77913, 0.8625, -0.13775],
							"size": [0.1, 0.125, 0.075],
							"pivot": [0, 1.03531, -0.1625],
							"rotation": [0, 14, 0],
							"uv": {
								"north": {"uv": [10, 4], "uv_size": [1, 1]},
								"east": {"uv": [5, 10], "uv_size": [1, 1]},
								"south": {"uv": [10, 5], "uv_size": [1, 1]},
								"west": {"uv": [6, 10], "uv_size": [1, 1]},
								"up": {"uv": [10, 6], "uv_size": [1, 1]},
								"down": {"uv": [7, 11], "uv_size": [1, -1]}
							}
						},
						{
							"origin": [-0.77914, 0.90142, -0.05224],
							"size": [0.1, 0.125, 0.35],
							"pivot": [0, 1.03531, -0.1625],
							"rotation": [-21, 14, 0],
							"uv": {
								"north": {"uv": [10, 7], "uv_size": [1, 1]},
								"east": {"uv": [8, 10], "uv_size": [1, 1]},
								"south": {"uv": [10, 8], "uv_size": [1, 1]},
								"west": {"uv": [9, 10], "uv_size": [1, 1]},
								"up": {"uv": [10, 9], "uv_size": [1, 1]},
								"down": {"uv": [10, 11], "uv_size": [1, -1]}
							}
						},
						{
							"origin": [-0.77913, 0.3875, -0.13775],
							"size": [0.1, 0.475, 0.4],
							"pivot": [0, 1.03531, -0.1625],
							"rotation": [0, 14, 0],
							"uv": {
								"east": {"uv": [0, 11], "uv_size": [1, 1]},
								"west": {"uv": [11, 0], "uv_size": [1, 1]},
								"down": {"uv": [1, 12], "uv_size": [1, -1]}
							}
						},
						{
							"origin": [-0.5175, 0.6875, -0.6625],
							"size": [0.41, 0.05, 1],
							"pivot": [0, 1.03531, -0.1625],
							"rotation": [0, -90, 0],
							"uv": {
								"north": {"uv": [11, 1], "uv_size": [1, 1]},
								"south": {"uv": [2, 11], "uv_size": [1, 1]},
								"up": {"uv": [11, 2], "uv_size": [1, 1]}
							}
						},
						{
							"origin": [-0.42957, 0.6875, -0.44004],
							"size": [0.41719, 0.05, 0.99702],
							"pivot": [0, 1.03531, -0.1625],
							"rotation": [0, -135, 0],
							"uv": {
								"north": {"uv": [3, 11], "uv_size": [1, 1]},
								"south": {"uv": [11, 3], "uv_size": [1, 1]},
								"up": {"uv": [4, 11], "uv_size": [1, 1]}
							}
						},
						{
							"origin": [-0.42957, 0.6875, -0.88198],
							"size": [0.41719, 0.05, 0.99702],
							"pivot": [0, 1.03531, -0.1625],
							"rotation": [0, -45, 0],
							"uv": {
								"north": {"uv": [11, 4], "uv_size": [1, 1]},
								"south": {"uv": [5, 11], "uv_size": [1, 1]},
								"up": {"uv": [11, 5], "uv_size": [1, 1]}
							}
						},
						{
							"origin": [-0.205, 0.6875, -0.975],
							"size": [0.41, 0.05, 1],
							"uv": {
								"north": {"uv": [6, 11], "uv_size": [1, 1]},
								"south": {"uv": [11, 6], "uv_size": [1, 1]},
								"up": {"uv": [7, 11], "uv_size": [1, 1]}
							}
						},
						{
							"origin": [-0.75, 0.39913, -1.2273],
							"size": [1.5, 0.1, 0.175],
							"pivot": [0, 1.03918, -0.16748],
							"rotation": [-10, 0, 0],
							"uv": {
								"north": {"uv": [5, 0], "uv_size": [2, 1]},
								"east": {"uv": [11, 7], "uv_size": [1, 1]},
								"west": {"uv": [8, 11], "uv_size": [1, 1]},
								"up": {"uv": [1, 5], "uv_size": [2, 1]},
								"down": {"uv": [5, 2], "uv_size": [2, -1]}
							}
						},
						{
							"origin": [0.19493, 0.6625, -0.18598],
							"size": [0.15, 0.175, 0.15],
							"pivot": [0.725, 1.11031, -0.2125],
							"rotation": [0, 45, 0],
							"uv": {
								"north": {"uv": [11, 8], "uv_size": [1, 1]},
								"east": {"uv": [9, 11], "uv_size": [1, 1]},
								"south": {"uv": [11, 9], "uv_size": [1, 1]},
								"west": {"uv": [10, 11], "uv_size": [1, 1]},
								"up": {"uv": [11, 10], "uv_size": [1, 1]}
							}
						},
						{
							"origin": [-0.75507, 0.6625, -0.18598],
							"size": [0.15, 0.175, 0.15],
							"pivot": [-0.225, 1.11031, -0.2125],
							"rotation": [0, 45, 0],
							"uv": {
								"north": {"uv": [11, 11], "uv_size": [1, 1]},
								"east": {"uv": [0, 12], "uv_size": [1, 1]},
								"south": {"uv": [12, 0], "uv_size": [1, 1]},
								"west": {"uv": [1, 12], "uv_size": [1, 1]},
								"up": {"uv": [12, 1], "uv_size": [1, 1]}
							}
						},
						{
							"origin": [-1.21092, 0.3875, 0.1266],
							"size": [0.075, 0.475, 0.144],
							"pivot": [0, 1.03531, -0.1625],
							"rotation": [0, 45, 0],
							"uv": {
								"north": {"uv": [2, 12], "uv_size": [1, 1]},
								"east": {"uv": [12, 2], "uv_size": [1, 1]},
								"up": {"uv": [3, 12], "uv_size": [1, 1]},
								"down": {"uv": [12, 4], "uv_size": [1, -1]}
							}
						},
						{
							"origin": [-0.55, 0.3875, 0.9],
							"size": [1.1, 0.475, 0.1],
							"uv": {
								"south": {"uv": [4, 12], "uv_size": [1, 1]},
								"up": {"uv": [12, 4], "uv_size": [1, 1]},
								"down": {"uv": [5, 13], "uv_size": [1, -1]}
							}
						},
						{
							"origin": [-0.65, 0.3875, 0.05],
							"size": [1.3, 0.3, 0.275],
							"uv": {
								"down": {"uv": [12, 6], "uv_size": [1, -1]}
							}
						},
						{
							"origin": [1.1536, 0.3875, -0.47186],
							"size": [0.075, 0.2, 0.144],
							"pivot": [0, 1.03531, -0.1625],
							"rotation": [0, 45, 0],
							"uv": {
								"west": {"uv": [6, 12], "uv_size": [1, 1]},
								"down": {"uv": [7, 13], "uv_size": [1, -1]}
							}
						},
						{
							"origin": [-1.2286, 0.3875, -0.47186],
							"size": [0.075, 0.2, 0.144],
							"pivot": [0, 1.03531, -0.1625],
							"rotation": [0, -45, 0],
							"uv": {
								"east": {"uv": [12, 7], "uv_size": [1, 1]},
								"down": {"uv": [12, 9], "uv_size": [1, -1]}
							}
						},
						{
							"origin": [-0.65, 0.3875, -1.25],
							"size": [1.3, 0.3, 0.1],
							"uv": {
								"north": {"uv": [9, 12], "uv_size": [1, 1]},
								"east": {"uv": [12, 9], "uv_size": [1, 1]},
								"south": {"uv": [10, 12], "uv_size": [1, 1]},
								"west": {"uv": [12, 10], "uv_size": [1, 1]},
								"up": {"uv": [11, 12], "uv_size": [1, 1]},
								"down": {"uv": [12, 12], "uv_size": [1, -1]}
							}
						},
						{
							"origin": [-0.65, 0.3875, 0.325],
							"size": [1.3, 0.475, 0.575],
							"uv": {
								"east": {"uv": [12, 12], "uv_size": [1, 1]},
								"west": {"uv": [0, 13], "uv_size": [1, 1]},
								"up": {"uv": [13, 0], "uv_size": [1, 1]},
								"down": {"uv": [1, 14], "uv_size": [1, -1]}
							}
						},
						{
							"origin": [1.13592, 0.3875, 0.1266],
							"size": [0.075, 0.475, 0.144],
							"pivot": [0, 1.03531, -0.1625],
							"rotation": [0, -45, 0],
							"uv": {
								"north": {"uv": [13, 1], "uv_size": [1, 1]},
								"west": {"uv": [2, 13], "uv_size": [1, 1]},
								"up": {"uv": [13, 2], "uv_size": [1, 1]},
								"down": {"uv": [3, 14], "uv_size": [1, -1]}
							}
						},
						{
							"origin": [-0.7, 0.5625, 0.47501],
							"size": [1.4, 0.2, 0.2],
							"pivot": [0, 0.6625, 0.57501],
							"rotation": [-45, 0, 0],
							"uv": {
								"north": {"uv": [13, 3], "uv_size": [1, 1]},
								"east": {"uv": [4, 13], "uv_size": [1, 1]},
								"south": {"uv": [13, 4], "uv_size": [1, 1]},
								"west": {"uv": [5, 13], "uv_size": [1, 1]},
								"up": {"uv": [13, 5], "uv_size": [1, 1]},
								"down": {"uv": [6, 14], "uv_size": [1, -1]}
							}
						},
						{
							"origin": [0.58059, 0.8625, 0.41809],
							"size": [0.2, 0.025, 0.2],
							"pivot": [0, 1.03531, -0.1625],
							"rotation": [0, -45, 0],
							"uv": {
								"north": {"uv": [13, 6], "uv_size": [1, 1]},
								"east": {"uv": [7, 13], "uv_size": [1, 1]},
								"south": {"uv": [13, 7], "uv_size": [1, 1]},
								"west": {"uv": [8, 13], "uv_size": [1, 1]},
								"up": {"uv": [13, 8], "uv_size": [1, 1]}
							}
						},
						{
							"origin": [-0.25, 0.5875, 0.125],
							"size": [0.5, 0.275, 0.2],
							"uv": {
								"north": {"uv": [9, 13], "uv_size": [1, 1]},
								"east": {"uv": [13, 9], "uv_size": [1, 1]},
								"south": {"uv": [10, 13], "uv_size": [1, 1]},
								"west": {"uv": [13, 10], "uv_size": [1, 1]},
								"up": {"uv": [11, 13], "uv_size": [1, 1]},
								"down": {"uv": [13, 12], "uv_size": [1, -1]}
							}
						},
						{
							"origin": [-0.66807, 0.5875, -0.13598],
							"size": [0.288, 0.275, 0.15],
							"pivot": [0, 1.03531, -0.1625],
							"rotation": [0, 45, 0],
							"uv": {
								"north": {"uv": [12, 13], "uv_size": [1, 1]},
								"east": {"uv": [13, 12], "uv_size": [1, 1]},
								"south": {"uv": [13, 13], "uv_size": [1, 1]},
								"west": {"uv": [0, 14], "uv_size": [1, 1]},
								"up": {"uv": [14, 0], "uv_size": [1, 1]},
								"down": {"uv": [1, 15], "uv_size": [1, -1]}
							}
						},
						{
							"origin": [0.38007, 0.5875, -0.13598],
							"size": [0.288, 0.275, 0.15],
							"pivot": [0, 1.03531, -0.1625],
							"rotation": [0, -45, 0],
							"uv": {
								"north": {"uv": [14, 1], "uv_size": [1, 1]},
								"east": {"uv": [2, 14], "uv_size": [1, 1]},
								"south": {"uv": [14, 2], "uv_size": [1, 1]},
								"west": {"uv": [3, 14], "uv_size": [1, 1]},
								"up": {"uv": [14, 3], "uv_size": [1, 1]},
								"down": {"uv": [4, 15], "uv_size": [1, -1]}
							}
						},
						{
							"origin": [-0.65, 0.57785, -0.15237],
							"size": [1.3, 0.05, 0.325],
							"pivot": [0, 1.03531, -0.1625],
							"rotation": [30, 0, 0],
							"uv": {
								"north": {"uv": [14, 4], "uv_size": [1, 1]},
								"east": {"uv": [5, 14], "uv_size": [1, 1]},
								"south": {"uv": [14, 5], "uv_size": [1, 1]},
								"west": {"uv": [6, 14], "uv_size": [1, 1]},
								"up": {"uv": [14, 6], "uv_size": [1, 1]},
								"down": {"uv": [7, 15], "uv_size": [1, -1]}
							}
						},
						{
							"origin": [-0.75, 0.52938, -0.65673],
							"size": [0.1, 0.445, 0.5],
							"pivot": [0, 1.03531, -0.1625],
							"rotation": [-45, 0, 0],
							"uv": {
								"east": {"uv": [14, 7], "uv_size": [1, 1]},
								"west": {"uv": [8, 14], "uv_size": [1, 1]},
								"up": {"uv": [14, 8], "uv_size": [1, 1]}
							}
						},
						{
							"origin": [-0.75, 0.6875, -1.15],
							"size": [0.1, 0.87, 0.6],
							"uv": {
								"east": {"uv": [9, 14], "uv_size": [1, 1]},
								"south": {"uv": [14, 9], "uv_size": [1, 1]},
								"west": {"uv": [10, 14], "uv_size": [1, 1]},
								"up": {"uv": [14, 10], "uv_size": [1, 1]}
							}
						}
					]
				}
			]
		}
	]
}