{
	"format_version": "1.12.0",
	"minecraft:geometry": [
		{
			"description": {
				"identifier": "geometry.unknown",
				"texture_width": 32,
				"texture_height": 32,
				"visible_bounds_width": 3,
				"visible_bounds_height": 1.5,
				"visible_bounds_offset": [0, 0.25, 0]
			},
			"bones": [
				{
					"name": "bayonet",
					"pivot": [-0.02712, -0.02248, 0.01975],
					"cubes": [
						{
							"origin": [-0.3125, 0.5, 0.125],
							"size": [0.5625, 0.125, 1.75],
							"inflate": 0.001,
							"uv": {
								"north": {"uv": [11, 19], "uv_size": [1, 1]},
								"east": {"uv": [15, 4], "uv_size": [2, 1]},
								"south": {"uv": [19, 12], "uv_size": [1, 1]},
								"west": {"uv": [15, 5], "uv_size": [2, 1]},
								"up": {"uv": [15, 9], "uv_size": [1, 2]},
								"down": {"uv": [13, 17], "uv_size": [1, -2]}
							}
						},
						{
							"origin": [-0.3125, -0.733, 0.125],
							"size": [0.5625, 0.125, 1.75],
							"inflate": 0.001,
							"uv": {
								"north": {"uv": [13, 19], "uv_size": [1, 1]},
								"east": {"uv": [15, 14], "uv_size": [2, 1]},
								"south": {"uv": [19, 13], "uv_size": [1, 1]},
								"west": {"uv": [15, 15], "uv_size": [2, 1]},
								"up": {"uv": [16, 6], "uv_size": [1, 2]},
								"down": {"uv": [16, 11], "uv_size": [1, -2]}
							}
						},
						{
							"origin": [0.12343, 0.31943, 0.125],
							"size": [0.5625, 0.125, 1.75],
							"inflate": 0.001,
							"pivot": [0.40468, 0.38193, 1],
							"rotation": [0, 0, 45],
							"uv": {
								"north": {"uv": [14, 19], "uv_size": [1, 1]},
								"east": {"uv": [10, 16], "uv_size": [2, 1]},
								"south": {"uv": [19, 14], "uv_size": [1, 1]},
								"west": {"uv": [15, 16], "uv_size": [2, 1]},
								"up": {"uv": [4, 17], "uv_size": [1, 2]},
								"down": {"uv": [17, 6], "uv_size": [1, -2]}
							}
						},
						{
							"origin": [0.12343, -0.55243, 0.125],
							"size": [0.5625, 0.125, 1.75],
							"inflate": 0.001,
							"pivot": [0.40468, -0.48993, 1],
							"rotation": [0, 0, -45],
							"uv": {
								"north": {"uv": [15, 19], "uv_size": [1, 1]},
								"east": {"uv": [5, 17], "uv_size": [2, 1]},
								"south": {"uv": [19, 15], "uv_size": [1, 1]},
								"west": {"uv": [17, 6], "uv_size": [2, 1]},
								"up": {"uv": [7, 17], "uv_size": [1, 2]},
								"down": {"uv": [17, 9], "uv_size": [1, -2]}
							}
						},
						{
							"origin": [0.304, -0.1165, 0.125],
							"size": [0.5625, 0.125, 1.75],
							"inflate": 0.001,
							"pivot": [0.58525, -0.054, 1],
							"rotation": [0, 0, 90],
							"uv": {
								"north": {"uv": [19, 16], "uv_size": [1, 1]},
								"east": {"uv": [8, 17], "uv_size": [2, 1]},
								"south": {"uv": [18, 19], "uv_size": [1, 1]},
								"west": {"uv": [17, 9], "uv_size": [2, 1]},
								"up": {"uv": [10, 17], "uv_size": [1, 2]},
								"down": {"uv": [17, 12], "uv_size": [1, -2]}
							}
						},
						{
							"origin": [0.429, -0.1165, 0.125],
							"size": [0.5625, 0.6875, 2.875],
							"inflate": 0.001,
							"pivot": [0.71025, -0.054, 1],
							"rotation": [0, 0, 90],
							"uv": {
								"north": {"uv": [19, 19], "uv_size": [1, 1]},
								"east": {"uv": [12, 9], "uv_size": [3, 1]},
								"south": {"uv": [20, 4], "uv_size": [1, 1]},
								"west": {"uv": [12, 10], "uv_size": [3, 1]},
								"up": {"uv": [12, 12], "uv_size": [1, 3]},
								"down": {"uv": [13, 15], "uv_size": [1, -3]}
							}
						},
						{
							"origin": [1.48844, 0.50544, -2.6875],
							"size": [1.5625, 0.25, 2.875],
							"inflate": 0.001,
							"pivot": [1.52275, 0.75544, -2.66423],
							"rotation": [0, 0, 90],
							"uv": {
								"north": {"uv": [17, 12], "uv_size": [2, 1]},
								"east": {"uv": [14, 8], "uv_size": [3, 1]},
								"south": {"uv": [13, 17], "uv_size": [2, 1]},
								"west": {"uv": [14, 11], "uv_size": [3, 1]},
								"up": {"uv": [6, 6], "uv_size": [2, 3]},
								"down": {"uv": [8, 9], "uv_size": [2, -3]}
							}
						},
						{
							"origin": [2.17594, 0.50544, -13.5],
							"size": [0.1875, 0.25, 10.8125],
							"inflate": 0.001,
							"pivot": [1.52275, 0.75544, -5.53923],
							"rotation": [0, 0, 90],
							"uv": {
								"north": {"uv": [23, 6], "uv_size": [1, 1]},
								"east": {"uv": [4, 4], "uv_size": [11, 1]},
								"south": {"uv": [7, 23], "uv_size": [1, 1]},
								"west": {"uv": [4, 5], "uv_size": [11, 1]},
								"up": {"uv": [4, 6], "uv_size": [1, 11]},
								"down": {"uv": [5, 17], "uv_size": [1, -11]}
							}
						},
						{
							"origin": [1.98844, 0.31794, -27.875],
							"size": [0.5, 0.25, 4.375],
							"inflate": 0.001,
							"pivot": [1.52275, 0.56794, -26.35173],
							"rotation": [0, 0, 90],
							"uv": {
								"north": {"uv": [23, 7], "uv_size": [1, 1]},
								"east": {"uv": [10, 8], "uv_size": [4, 1]},
								"south": {"uv": [8, 23], "uv_size": [1, 1]},
								"west": {"uv": [10, 11], "uv_size": [4, 1]},
								"up": {"uv": [10, 12], "uv_size": [1, 4]},
								"down": {"uv": [11, 16], "uv_size": [1, -4]}
							}
						},
						{
							"origin": [-0.3835, -0.15121, -23.53983],
							"size": [0.6875, 0.25, 20.875],
							"inflate": 0.001,
							"pivot": [0.89775, -0.52621, -4.66483],
							"rotation": [0, -1, 90],
							"uv": {
								"north": {"uv": [5, 20], "uv_size": [1, 1]},
								"east": {"uv": [0, 0], "uv_size": [21, 1]},
								"south": {"uv": [20, 5], "uv_size": [1, 1]},
								"west": {"uv": [0, 1], "uv_size": [21, 1]},
								"up": {"uv": [0, 2], "uv_size": [1, 21]},
								"down": {"uv": [1, 23], "uv_size": [1, -21]}
							}
						},
						{
							"origin": [-0.071, -0.27166, -29.56838],
							"size": [0.375, 0.25, 6.0625],
							"inflate": 0.001,
							"pivot": [0.89775, -0.64666, -25.50588],
							"rotation": [0, -3, 90],
							"uv": {
								"north": {"uv": [6, 20], "uv_size": [1, 1]},
								"east": {"uv": [6, 9], "uv_size": [6, 1]},
								"south": {"uv": [20, 7], "uv_size": [1, 1]},
								"west": {"uv": [6, 10], "uv_size": [6, 1]},
								"up": {"uv": [6, 11], "uv_size": [1, 6]},
								"down": {"uv": [7, 17], "uv_size": [1, -6]}
							}
						},
						{
							"origin": [1.2415, -0.22153, -31.09775],
							"size": [0.3125, 0.25, 1.5],
							"inflate": 0.001,
							"pivot": [1.39775, -0.09653, -30.16025],
							"rotation": [0, -5, 90],
							"uv": {
								"north": {"uv": [8, 20], "uv_size": [1, 1]},
								"east": {"uv": [17, 13], "uv_size": [2, 1]},
								"south": {"uv": [20, 8], "uv_size": [1, 1]},
								"west": {"uv": [17, 14], "uv_size": [2, 1]},
								"up": {"uv": [11, 17], "uv_size": [1, 2]},
								"down": {"uv": [15, 19], "uv_size": [1, -2]}
							}
						},
						{
							"origin": [1.2415, -0.43804, -31.10638],
							"size": [0.25, 0.25, 1.5],
							"inflate": 0.001,
							"pivot": [1.39775, -0.31304, -30.16888],
							"rotation": [0, 5, 90],
							"uv": {
								"north": {"uv": [9, 20], "uv_size": [1, 1]},
								"east": {"uv": [17, 15], "uv_size": [2, 1]},
								"south": {"uv": [20, 10], "uv_size": [1, 1]},
								"west": {"uv": [16, 17], "uv_size": [2, 1]},
								"up": {"uv": [18, 4], "uv_size": [1, 2]},
								"down": {"uv": [5, 20], "uv_size": [1, -2]}
							}
						},
						{
							"origin": [-0.071, -0.88601, -29.65333],
							"size": [0.375, 0.25, 6.0625],
							"inflate": 0.001,
							"pivot": [0.89775, -1.26101, -25.59083],
							"rotation": [0, 3, 90],
							"uv": {
								"north": {"uv": [11, 20], "uv_size": [1, 1]},
								"east": {"uv": [10, 6], "uv_size": [6, 1]},
								"south": {"uv": [20, 11], "uv_size": [1, 1]},
								"west": {"uv": [10, 7], "uv_size": [6, 1]},
								"up": {"uv": [8, 11], "uv_size": [1, 6]},
								"down": {"uv": [9, 17], "uv_size": [1, -6]}
							}
						},
						{
							"origin": [-0.3835, -0.1165, -23.5625],
							"size": [0.6875, 0.25, 20.875],
							"inflate": 0.001,
							"pivot": [0.89775, 0.5085, -4.6875],
							"rotation": [0, 0, -90],
							"uv": {
								"north": {"uv": [12, 20], "uv_size": [1, 1]},
								"east": {"uv": [2, 2], "uv_size": [21, 1]},
								"south": {"uv": [20, 12], "uv_size": [1, 1]},
								"west": {"uv": [2, 3], "uv_size": [21, 1]},
								"up": {"uv": [2, 4], "uv_size": [1, 21]},
								"down": {"uv": [3, 25], "uv_size": [1, -21]}
							}
						},
						{
							"origin": [1.1165, 0.23749, 0.04657],
							"size": [0.5625, 0.25, 1.5],
							"inflate": 0.001,
							"pivot": [1.39775, 0.36249, 0.48407],
							"rotation": [0, 22.5, 90],
							"uv": {
								"north": {"uv": [13, 20], "uv_size": [1, 1]},
								"east": {"uv": [17, 16], "uv_size": [2, 1]},
								"south": {"uv": [20, 13], "uv_size": [1, 1]},
								"west": {"uv": [18, 7], "uv_size": [2, 1]},
								"up": {"uv": [6, 18], "uv_size": [1, 2]},
								"down": {"uv": [8, 20], "uv_size": [1, -2]}
							}
						},
						{
							"origin": [1.1165, -0.47048, 0.04657],
							"size": [0.5625, 0.25, 1.5],
							"inflate": 0.001,
							"pivot": [1.39775, -0.34548, 0.48407],
							"rotation": [0, 22.5, -90],
							"uv": {
								"north": {"uv": [14, 20], "uv_size": [1, 1]},
								"east": {"uv": [18, 8], "uv_size": [2, 1]},
								"south": {"uv": [20, 14], "uv_size": [1, 1]},
								"west": {"uv": [18, 10], "uv_size": [2, 1]},
								"up": {"uv": [9, 18], "uv_size": [1, 2]},
								"down": {"uv": [12, 20], "uv_size": [1, -2]}
							}
						},
						{
							"origin": [0.93935, -0.14775, 0.15142],
							"size": [0.5625, 0.4375, 2.8125],
							"inflate": 0.001,
							"pivot": [1.2206, -0.054, 1.52642],
							"rotation": [-9, 0, 90],
							"uv": {
								"north": {"uv": [15, 20], "uv_size": [1, 1]},
								"east": {"uv": [14, 12], "uv_size": [3, 1]},
								"south": {"uv": [20, 15], "uv_size": [1, 1]},
								"west": {"uv": [14, 13], "uv_size": [3, 1]},
								"up": {"uv": [14, 14], "uv_size": [1, 3]},
								"down": {"uv": [12, 18], "uv_size": [1, -3]}
							}
						},
						{
							"origin": [0.12343, 0.31943, 1.875],
							"size": [0.5625, 0.125, 1.4375],
							"inflate": 0.001,
							"pivot": [0.40468, 0.38193, 2.75],
							"rotation": [0, 0, 45],
							"uv": {
								"north": {"uv": [16, 20], "uv_size": [1, 1]},
								"east": {"uv": [20, 16], "uv_size": [1, 1]},
								"south": {"uv": [17, 20], "uv_size": [1, 1]},
								"west": {"uv": [20, 17], "uv_size": [1, 1]},
								"up": {"uv": [18, 20], "uv_size": [1, 1]},
								"down": {"uv": [20, 19], "uv_size": [1, -1]}
							}
						},
						{
							"origin": [0.304, -0.1165, 1.875],
							"size": [0.5625, 0.125, 1.4375],
							"inflate": 0.001,
							"pivot": [0.58525, -0.054, 2.75],
							"rotation": [0, 0, 90],
							"uv": {
								"north": {"uv": [19, 20], "uv_size": [1, 1]},
								"east": {"uv": [20, 19], "uv_size": [1, 1]},
								"south": {"uv": [20, 20], "uv_size": [1, 1]},
								"west": {"uv": [21, 0], "uv_size": [1, 1]},
								"up": {"uv": [21, 1], "uv_size": [1, 1]},
								"down": {"uv": [4, 22], "uv_size": [1, -1]}
							}
						},
						{
							"origin": [0.12343, -0.55243, 1.875],
							"size": [0.5625, 0.125, 1.4375],
							"inflate": 0.001,
							"pivot": [0.40468, -0.48993, 2.75],
							"rotation": [0, 0, -45],
							"uv": {
								"north": {"uv": [21, 4], "uv_size": [1, 1]},
								"east": {"uv": [5, 21], "uv_size": [1, 1]},
								"south": {"uv": [21, 5], "uv_size": [1, 1]},
								"west": {"uv": [6, 21], "uv_size": [1, 1]},
								"up": {"uv": [21, 6], "uv_size": [1, 1]},
								"down": {"uv": [7, 22], "uv_size": [1, -1]}
							}
						},
						{
							"origin": [-0.929, -0.1165, 0.125],
							"size": [0.5625, 0.125, 1.75],
							"inflate": 0.001,
							"pivot": [-0.64775, -0.054, 1],
							"rotation": [0, 0, -90],
							"uv": {
								"north": {"uv": [21, 7], "uv_size": [1, 1]},
								"east": {"uv": [18, 11], "uv_size": [2, 1]},
								"south": {"uv": [8, 21], "uv_size": [1, 1]},
								"west": {"uv": [13, 18], "uv_size": [2, 1]},
								"up": {"uv": [16, 18], "uv_size": [1, 2]},
								"down": {"uv": [17, 20], "uv_size": [1, -2]}
							}
						},
						{
							"origin": [-0.74843, -0.55243, 0.125],
							"size": [0.5625, 0.125, 1.75],
							"inflate": 0.001,
							"pivot": [-0.46718, -0.48993, 1],
							"rotation": [0, 0, 45],
							"uv": {
								"north": {"uv": [21, 8], "uv_size": [1, 1]},
								"east": {"uv": [18, 17], "uv_size": [2, 1]},
								"south": {"uv": [9, 21], "uv_size": [1, 1]},
								"west": {"uv": [18, 18], "uv_size": [2, 1]},
								"up": {"uv": [4, 19], "uv_size": [1, 2]},
								"down": {"uv": [19, 6], "uv_size": [1, -2]}
							}
						},
						{
							"origin": [-0.74843, 0.31943, 0.125],
							"size": [0.5625, 0.125, 1.75],
							"inflate": 0.001,
							"pivot": [-0.46718, 0.38193, 1],
							"rotation": [0, 0, -45],
							"uv": {
								"north": {"uv": [21, 9], "uv_size": [1, 1]},
								"east": {"uv": [19, 6], "uv_size": [2, 1]},
								"south": {"uv": [10, 21], "uv_size": [1, 1]},
								"west": {"uv": [19, 9], "uv_size": [2, 1]},
								"up": {"uv": [7, 19], "uv_size": [1, 2]},
								"down": {"uv": [10, 21], "uv_size": [1, -2]}
							}
						},
						{
							"origin": [-0.3125, -0.733, 1.875],
							"size": [0.5625, 0.125, 1.4375],
							"inflate": 0.001,
							"uv": {
								"north": {"uv": [21, 10], "uv_size": [1, 1]},
								"east": {"uv": [11, 21], "uv_size": [1, 1]},
								"south": {"uv": [21, 11], "uv_size": [1, 1]},
								"west": {"uv": [12, 21], "uv_size": [1, 1]},
								"up": {"uv": [21, 12], "uv_size": [1, 1]},
								"down": {"uv": [13, 22], "uv_size": [1, -1]}
							}
						},
						{
							"origin": [-0.74843, -0.55243, 1.875],
							"size": [0.5625, 0.125, 1.4375],
							"inflate": 0.001,
							"pivot": [-0.46718, -0.48993, 2.75],
							"rotation": [0, 0, 45],
							"uv": {
								"north": {"uv": [21, 13], "uv_size": [1, 1]},
								"east": {"uv": [14, 21], "uv_size": [1, 1]},
								"south": {"uv": [21, 14], "uv_size": [1, 1]},
								"west": {"uv": [15, 21], "uv_size": [1, 1]},
								"up": {"uv": [21, 15], "uv_size": [1, 1]},
								"down": {"uv": [16, 22], "uv_size": [1, -1]}
							}
						},
						{
							"origin": [-0.74843, 0.31943, 1.875],
							"size": [0.4375, 0.125, 1.4375],
							"inflate": 0.001,
							"pivot": [-0.46718, 0.38193, 2.75],
							"rotation": [0, 0, -45],
							"uv": {
								"north": {"uv": [21, 16], "uv_size": [1, 1]},
								"east": {"uv": [17, 21], "uv_size": [1, 1]},
								"south": {"uv": [21, 17], "uv_size": [1, 1]},
								"west": {"uv": [18, 21], "uv_size": [1, 1]},
								"up": {"uv": [21, 18], "uv_size": [1, 1]},
								"down": {"uv": [19, 22], "uv_size": [1, -1]}
							}
						},
						{
							"origin": [-0.929, -0.1165, 1.875],
							"size": [0.5625, 0.125, 1.4375],
							"inflate": 0.001,
							"pivot": [-0.64775, -0.054, 2.75],
							"rotation": [0, 0, -90],
							"uv": {
								"north": {"uv": [21, 19], "uv_size": [1, 1]},
								"east": {"uv": [20, 21], "uv_size": [1, 1]},
								"south": {"uv": [21, 20], "uv_size": [1, 1]},
								"west": {"uv": [21, 21], "uv_size": [1, 1]},
								"up": {"uv": [22, 0], "uv_size": [1, 1]},
								"down": {"uv": [22, 2], "uv_size": [1, -1]}
							}
						},
						{
							"origin": [-0.3125, -0.733, 3.3125],
							"size": [0.5625, 0.125, 0.375],
							"inflate": 0.001,
							"uv": {
								"north": {"uv": [4, 22], "uv_size": [1, 1]},
								"east": {"uv": [22, 4], "uv_size": [1, 1]},
								"south": {"uv": [5, 22], "uv_size": [1, 1]},
								"west": {"uv": [22, 5], "uv_size": [1, 1]},
								"up": {"uv": [6, 22], "uv_size": [1, 1]},
								"down": {"uv": [22, 7], "uv_size": [1, -1]}
							}
						},
						{
							"origin": [-0.0625, 0.5, 3.3125],
							"size": [0.3125, 0.125, 0.375],
							"inflate": 0.001,
							"uv": {
								"north": {"uv": [7, 22], "uv_size": [1, 1]},
								"east": {"uv": [22, 7], "uv_size": [1, 1]},
								"south": {"uv": [8, 22], "uv_size": [1, 1]},
								"west": {"uv": [22, 8], "uv_size": [1, 1]},
								"up": {"uv": [9, 22], "uv_size": [1, 1]},
								"down": {"uv": [22, 10], "uv_size": [1, -1]}
							}
						},
						{
							"origin": [-0.74843, -0.55243, 3.3125],
							"size": [0.5625, 0.125, 0.375],
							"inflate": 0.001,
							"pivot": [-0.46718, -0.48993, 4.1875],
							"rotation": [0, 0, 45],
							"uv": {
								"north": {"uv": [10, 22], "uv_size": [1, 1]},
								"east": {"uv": [22, 10], "uv_size": [1, 1]},
								"south": {"uv": [11, 22], "uv_size": [1, 1]},
								"west": {"uv": [22, 11], "uv_size": [1, 1]},
								"up": {"uv": [12, 22], "uv_size": [1, 1]},
								"down": {"uv": [22, 13], "uv_size": [1, -1]}
							}
						},
						{
							"origin": [-0.74843, 0.31943, 3.3125],
							"size": [0.4375, 0.125, 0.375],
							"inflate": 0.001,
							"pivot": [-0.46718, 0.38193, 4.1875],
							"rotation": [0, 0, -45],
							"uv": {
								"north": {"uv": [13, 22], "uv_size": [1, 1]},
								"east": {"uv": [22, 13], "uv_size": [1, 1]},
								"south": {"uv": [14, 22], "uv_size": [1, 1]},
								"west": {"uv": [22, 14], "uv_size": [1, 1]},
								"up": {"uv": [15, 22], "uv_size": [1, 1]},
								"down": {"uv": [22, 16], "uv_size": [1, -1]}
							}
						},
						{
							"origin": [-0.929, -0.1165, 3.3125],
							"size": [0.5625, 0.125, 0.375],
							"inflate": 0.001,
							"pivot": [-0.64775, -0.054, 4.1875],
							"rotation": [0, 0, -90],
							"uv": {
								"north": {"uv": [16, 22], "uv_size": [1, 1]},
								"east": {"uv": [22, 16], "uv_size": [1, 1]},
								"south": {"uv": [17, 22], "uv_size": [1, 1]},
								"west": {"uv": [22, 17], "uv_size": [1, 1]},
								"up": {"uv": [18, 22], "uv_size": [1, 1]},
								"down": {"uv": [22, 19], "uv_size": [1, -1]}
							}
						},
						{
							"origin": [0.12343, -0.55243, 3.3125],
							"size": [0.5625, 0.125, 0.375],
							"inflate": 0.001,
							"pivot": [0.40468, -0.48993, 4.1875],
							"rotation": [0, 0, -45],
							"uv": {
								"north": {"uv": [19, 22], "uv_size": [1, 1]},
								"east": {"uv": [22, 19], "uv_size": [1, 1]},
								"south": {"uv": [20, 22], "uv_size": [1, 1]},
								"west": {"uv": [22, 20], "uv_size": [1, 1]},
								"up": {"uv": [21, 22], "uv_size": [1, 1]},
								"down": {"uv": [22, 22], "uv_size": [1, -1]}
							}
						},
						{
							"origin": [0.304, -0.1165, 3.3125],
							"size": [0.5625, 0.125, 0.375],
							"inflate": 0.001,
							"pivot": [0.58525, -0.054, 4.1875],
							"rotation": [0, 0, 90],
							"uv": {
								"north": {"uv": [22, 22], "uv_size": [1, 1]},
								"east": {"uv": [0, 23], "uv_size": [1, 1]},
								"south": {"uv": [23, 0], "uv_size": [1, 1]},
								"west": {"uv": [1, 23], "uv_size": [1, 1]},
								"up": {"uv": [23, 1], "uv_size": [1, 1]},
								"down": {"uv": [23, 3], "uv_size": [1, -1]}
							}
						},
						{
							"origin": [0.12343, 0.31943, 3.3125],
							"size": [0.5625, 0.125, 0.375],
							"inflate": 0.001,
							"pivot": [0.40468, 0.38193, 4.1875],
							"rotation": [0, 0, 45],
							"uv": {
								"north": {"uv": [23, 3], "uv_size": [1, 1]},
								"east": {"uv": [4, 23], "uv_size": [1, 1]},
								"south": {"uv": [23, 4], "uv_size": [1, 1]},
								"west": {"uv": [5, 23], "uv_size": [1, 1]},
								"up": {"uv": [23, 5], "uv_size": [1, 1]},
								"down": {"uv": [6, 24], "uv_size": [1, -1]}
							}
						}
					]
				}
			]
		}
	]
}